,gene_group,B,C,D,E,F,L,A,,Basal,index_all
5540,"phoA,pitA,hprK,carB,plsY,gatA,atpB_2,group",0.060606061,0.060606061,0,0.090909091,0.18852459,0,0.036562382,0.437208184,0.960960961,0.600717344
25700,"phoA,mntC,hprK,carB,plsY,gatA,atpB_2,group",0.060606061,0.060606061,0,0.090909091,0.18852459,0,0.041741704,0.442387506,0.966966967,0.602788935
5548,"phoA,pitA,hprK,carB,plsY,gatA,tdk,group",0.060606061,0.060606061,0,0.090909091,0.18852459,0,0.041741704,0.442387506,0.960960961,0.602766896
35800,"phoA,mnh_A1,hprK,carB,plsY,metK,atpB_2,group",0.060606061,0.060606061,0,0.090909091,0.18852459,0,0.066884449,0.467530252,0.966966967,0.612739183
9140,"phoA,pitA,hprK,murD,plsY,gatA,atpB_2,group",0.060606061,0.060606061,0,0.090909091,0.18852459,0,0.067373065,0.468018867,0.956456456,0.612893451
9148,"phoA,pitA,hprK,murD,plsY,gatA,tdk,group",0.060606061,0.060606061,0,0.090909091,0.18852459,0,0.072468624,0.473114426,0.956456456,0.614909946
29300,"phoA,mntC,hprK,murD,plsY,gatA,atpB_2,group",0.060606061,0.060606061,0,0.090909091,0.18852459,0,0.077550223,0.478196025,0.962462462,0.616942971
37240,"phoA,mnh_A1,hprK,ctaA,plsY,metK,atpB_2,group",0.060606061,0.060606061,0,0.090909091,0.18852459,0,0.087168963,0.487814765,0.962462462,0.62075007
25760,"phoA,mntC,hprK,carB,plsY,scrB,atpB_2,group",0.119318182,0.060606061,0,0.090909091,0.18852459,0,0.036632184,0.495990108,0.968468468,0.600943235
25709,"phoA,mntC,hprK,carB,plsY,gatA,thiM,group",0.119318182,0.060606061,0,0.090909091,0.18852459,0,0.041741704,0.501099628,0.966966967,0.602959731
19220,"phoA,pitA,hprK,trkA,plsY,gatA,atpB_2,group",0.119318182,0.060606061,0,0.090909091,0.18852459,0,0.041741704,0.501099628,0.960960961,0.602937692
39380,"phoA,mntC,hprK,trkA,plsY,gatA,atpB_2,group",0.119318182,0.060606061,0,0.090909091,0.18852459,0,0.046907065,0.506264989,0.963963964,0.604992755
19228,"phoA,pitA,hprK,trkA,plsY,gatA,tdk,group",0.119318182,0.060606061,0,0.090909091,0.18852459,0,0.046907065,0.506264989,0.960960961,0.604981736
5540,"pmi,pitA,hprK,carB,plsY,gatA,atpB_2,group",0.060606061,0.119318182,0,0.090909091,0.18852459,0,0.057181946,0.51653987,0.951951952,0.611218547
5548,"pmi,pitA,hprK,carB,plsY,gatA,tdk,group",0.060606061,0.119318182,0,0.090909091,0.18852459,0,0.062305426,0.52166335,0.954954955,0.613251572
25720,"phoA,mntC,hprK,carB,plsY,metK,atpB_2,group",0.060606061,0.060606061,0,0.177489177,0.158469945,0,0.066884449,0.524055694,0.966966967,0.612546349
25700,"pmi,mntC,hprK,carB,plsY,gatA,atpB_2,group",0.060606061,0.119318182,0,0.090909091,0.18852459,0,0.067400986,0.526758909,0.960960961,0.615284596
49480,"phoA,mnh_A1,hprK,trkA,plsY,metK,atpB_2,group",0.119318182,0.060606061,0,0.090909091,0.18852459,0,0.071980009,0.531337932,0.963963964,0.614915456
25708,"phoA,mntC,hprK,carB,plsY,gatA,tdk,group",0.060606061,0.060606061,0,0.177489177,0.18852459,0,0.046907065,0.534132954,0.966966967,0.604943169
29309,"phoA,mntC,hprK,murD,plsY,gatA,thiM,group",0.119318182,0.060606061,0,0.090909091,0.18852459,0,0.077550223,0.536908146,0.962462462,0.617113767
25770,"phoA,mntC,hprK,carB,plsY,secF,atpB_2,group",0.119318182,0.119318182,0,0.090909091,0.18852459,0,0.021024417,0.539094462,0.966966967,0.594937825
25790,"phoA,mntC,hprK,carB,plsY,thiI,atpB_2,group",0.060606061,0.119318182,0,0.177489177,0.158469945,0,0.02624562,0.542128985,0.966966967,0.596640276
5560,"phoA,pitA,hprK,carB,plsY,metK,atpB_2,group",0.060606061,0.060606061,0,0.177489177,0.18852459,0,0.06177493,0.549000819,0.960960961,0.610805331
25760,"pmi,mntC,hprK,carB,plsY,scrB,atpB_2,group",0.119318182,0.119318182,0,0.090909091,0.158469945,0,0.062361268,0.550376668,0.962462462,0.613168928
25769,"phoA,mntC,hprK,carB,plsY,scrB,thiM,group",0.176136364,0.060606061,0,0.090909091,0.18852459,0,0.036632184,0.55280829,0.968468468,0.601108522
5568,"phoA,pitA,hprK,carB,plsY,metK,tdk,group",0.060606061,0.060606061,0,0.177489177,0.18852459,0,0.066884449,0.554110338,0.960960961,0.612827336
5300,"phoA,pitA,hprK,carB,dinG,gatA,atpB_2,group",0.119318182,0.119318182,0,0.090909091,0.18852459,0,0.036562382,0.554632427,0.960960961,0.601064445
38000,"phoA,mntC,hprK,recG,plsY,scrB,atpB_2,group",0.176136364,0.060606061,0,0.090909091,0.18852459,0,0.041811506,0.557987612,0.963963964,0.603141546
39440,"phoA,mntC,hprK,trkA,plsY,scrB,atpB_2,group",0.176136364,0.060606061,0,0.090909091,0.18852459,0,0.041811506,0.557987612,0.965465465,0.603147055
35808,"phoA,mnh_A1,hprK,carB,plsY,metK,tdk,group",0.060606061,0.060606061,0,0.177489177,0.18852459,0,0.071980009,0.559205898,0.966966967,0.61486587
25460,"phoA,mntC,hprK,carB,dinG,gatA,atpB_2,group",0.119318182,0.119318182,0,0.090909091,0.18852459,0,0.041741704,0.559811749,0.966966967,0.603136036
25469,"phoA,mntC,hprK,carB,dinG,gatA,thiM,group",0.119318182,0.119318182,0,0.090909091,0.18852459,0,0.041741704,0.559811749,0.966966967,0.603136036
5308,"phoA,pitA,hprK,carB,dinG,gatA,tdk,group",0.119318182,0.119318182,0,0.090909091,0.18852459,0,0.041741704,0.559811749,0.960960961,0.603113998
25780,"phoA,mntC,hprK,carB,plsY,tgt,atpB_2,group",0.060606061,0.119318182,0,0.177489177,0.18852459,0,0.015789253,0.561727263,0.966966967,0.592805629
39389,"phoA,mntC,hprK,trkA,plsY,gatA,thiM,group",0.176136364,0.060606061,0,0.090909091,0.18852459,0,0.046907065,0.563083171,0.963963964,0.605158041
5630,"phoA,pitA,hprK,carB,plsY,thiI,atpB_2,group",0.060606061,0.119318182,0,0.177489177,0.18852459,0,0.021024417,0.566962427,0.960960961,0.594855181
29308,"phoA,mntC,hprK,murD,plsY,gatA,tdk,group",0.060606061,0.060606061,0,0.177489177,0.18852459,0,0.082617861,0.56984375,0.962462462,0.619058638
5600,"pmi,pitA,hprK,carB,plsY,scrB,atpB_2,group",0.119318182,0.119318182,0,0.090909091,0.18852459,0,0.052114308,0.570184353,0.953453453,0.609394886
35870,"phoA,mnh_A1,hprK,carB,plsY,thiI,atpB_2,group",0.060606061,0.119318182,0,0.177489177,0.18852459,0,0.02624562,0.57218363,0.966966967,0.596943301
25310,"phoA,mntC,hprK,carB,aroA,thiI,atpB_2,group",0.060606061,0.119318182,0,0.177489177,0.18852459,0,0.02624562,0.57218363,0.96996997,0.59695432
5638,"phoA,pitA,hprK,carB,plsY,thiI,tdk,group",0.060606061,0.119318182,0,0.177489177,0.18852459,0,0.02624562,0.57218363,0.960960961,0.596921263
10600,"phoA,mntC,clpB,carB,plsY,metK,atpB_2,group",0,0.119318182,0,0.177489177,0.18852459,0,0.087266686,0.572598636,0.962462462,0.620898828
27160,"phoA,mntC,hprK,ctaA,plsY,metK,atpB_2,group",0.060606061,0.060606061,0,0.177489177,0.18852459,0,0.087168963,0.574394852,0.962462462,0.620860261
5660,"phoA,pitA,hprK,carB,scpB,gatA,atpB_2,group",0.119318182,0.119318182,0,0.090909091,0.18852459,0,0.057056302,0.575126347,0.968468468,0.609202052
5608,"pmi,pitA,hprK,carB,plsY,scrB,tdk,group",0.119318182,0.119318182,0,0.090909091,0.18852459,0,0.057251749,0.575321793,0.956456456,0.61143342
9160,"phoA,pitA,hprK,murD,plsY,metK,atpB_2,group",0.060606061,0.060606061,0,0.177489177,0.18852459,0,0.092166799,0.579392688,0.956456456,0.622816152
37248,"phoA,mnh_A1,hprK,ctaA,plsY,metK,tdk,group",0.060606061,0.060606061,0,0.177489177,0.18852459,0,0.092208681,0.579434569,0.962462462,0.622854719
25820,"phoA,mntC,hprK,carB,scpB,gatA,atpB_2,group",0.119318182,0.119318182,0,0.090909091,0.18852459,0,0.062179782,0.580249827,0.974474474,0.611251605
5668,"phoA,pitA,hprK,carB,scpB,gatA,tdk,group",0.119318182,0.119318182,0,0.090909091,0.18852459,0,0.062179782,0.580249827,0.968468468,0.611229566
19220,"pmi,pitA,hprK,trkA,plsY,gatA,atpB_2,group",0.119318182,0.119318182,0,0.090909091,0.18852459,0,0.062305426,0.580375471,0.953453453,0.613416858
25280,"pmi,mntC,hprK,carB,aroA,scrB,atpB_2,group",0.119318182,0.119318182,0,0.090909091,0.18852459,0,0.062361268,0.580431313,0.965465465,0.613482973
5180,"phoA,pitA,hprK,carB,birA,gatA,atpB_2,group",0.060606061,0.119318182,0,0.177489177,0.18852459,0,0.036562382,0.582500392,0.960960961,0.60100384
5549,"phoA,pitA,hprK,carB,plsY,gatA,thiM,group",0.119318182,0.060606061,0,0.177489177,0.18852459,0,0.036562382,0.582500392,0.960960961,0.600998331
25729,"phoA,mntC,hprK,carB,plsY,metK,thiM,group",0.119318182,0.060606061,0,0.177489177,0.158469945,0,0.066884449,0.582767815,0.966966967,0.612717145
10660,"phoA,mntC,clpB,carB,plsY,tgt,atpB_2,group",0,0.176136364,0,0.177489177,0.18852459,0,0.041783585,0.583933717,0.962462462,0.603069922
9168,"phoA,pitA,hprK,murD,plsY,metK,tdk,group",0.060606061,0.060606061,0,0.177489177,0.18852459,0,0.097192556,0.584418445,0.956456456,0.6248051
8900,"phoA,pitA,hprK,murD,dinG,gatA,atpB_2,group",0.119318182,0.119318182,0,0.090909091,0.18852459,0,0.067373065,0.585443109,0.956456456,0.613240552
19228,"pmi,pitA,hprK,trkA,plsY,gatA,tdk,group",0.119318182,0.119318182,0,0.090909091,0.18852459,0,0.067414946,0.585484991,0.956456456,0.615444373
25340,"phoA,mntC,hprK,carB,birA,gatA,atpB_2,group",0.060606061,0.119318182,0,0.177489177,0.18852459,0,0.041741704,0.587679714,0.966966967,0.603075431
5188,"phoA,pitA,hprK,carB,birA,gatA,tdk,group",0.060606061,0.119318182,0,0.177489177,0.18852459,0,0.041741704,0.587679714,0.960960961,0.603053393
25768,"phoA,mntC,hprK,carB,plsY,scrB,tdk,group",0.119318182,0.060606061,0,0.177489177,0.18852459,0,0.041811506,0.587749516,0.968468468,0.603102979
39400,"phoA,mntC,hprK,trkA,plsY,metK,atpB_2,group",0.119318182,0.060606061,0,0.177489177,0.158469945,0,0.071980009,0.587863374,0.963963964,0.614722622
29320,"phoA,mntC,hprK,murD,plsY,metK,atpB_2,group",0.060606061,0.060606061,0,0.177489177,0.18852459,0,0.102204353,0.589430242,0.962462462,0.626810576
45880,"phoA,cysS,hprK,carB,plsY,metK,atpB_2,group",0.119318182,0.060606061,0,0.090909091,0.18852459,0,0.130767405,0.590125329,0.966966967,0.638193308
8908,"phoA,pitA,hprK,murD,dinG,gatA,tdk,group",0.119318182,0.119318182,0,0.090909091,0.18852459,0,0.072468624,0.590538669,0.956456456,0.615257048
39380,"pmi,mntC,hprK,trkA,plsY,gatA,atpB_2,group",0.119318182,0.119318182,0,0.090909091,0.18852459,0,0.072496545,0.59056659,0.959459459,0.617460868
37310,"phoA,mnh_A1,hprK,ctaA,plsY,thiI,atpB_2,group",0.060606061,0.119318182,0,0.177489177,0.18852459,0,0.046976868,0.592914878,0.966966967,0.605147022
27230,"phoA,mntC,hprK,ctaA,plsY,thiI,atpB_2,group",0.060606061,0.119318182,0,0.177489177,0.18852459,0,0.046976868,0.592914878,0.966966967,0.605147022
10670,"phoA,mntC,clpB,carB,plsY,thiI,atpB_2,group",0,0.176136364,0,0.177489177,0.18852459,0,0.052100348,0.594250479,0.966966967,0.607169028
29060,"phoA,mntC,hprK,murD,dinG,gatA,atpB_2,group",0.119318182,0.119318182,0,0.090909091,0.18852459,0,0.077550223,0.595620267,0.962462462,0.617290072
29069,"phoA,mntC,hprK,murD,dinG,gatA,thiM,group",0.119318182,0.119318182,0,0.090909091,0.18852459,0,0.077550223,0.595620267,0.962462462,0.617290072
27200,"pmi,mntC,hprK,ctaA,plsY,scrB,atpB_2,group",0.119318182,0.119318182,0,0.090909091,0.18852459,0,0.077647946,0.59571799,0.957957958,0.619488383
25779,"phoA,mntC,hprK,carB,plsY,secF,thiM,group",0.176136364,0.119318182,0,0.090909091,0.18852459,0,0.021024417,0.595912643,0.966966967,0.595103111
39388,"phoA,mntC,hprK,trkA,plsY,gatA,tdk,group",0.119318182,0.060606061,0,0.177489177,0.18852459,0,0.052058466,0.597996476,0.963963964,0.60714148
9230,"phoA,pitA,hprK,murD,plsY,thiI,atpB_2,group",0.060606061,0.119318182,0,0.177489177,0.18852459,0,0.052086387,0.598024397,0.960960961,0.607146989
25799,"phoA,mntC,hprK,carB,plsY,thiI,thiM,group",0.119318182,0.119318182,0,0.177489177,0.158469945,0,0.02624562,0.600841106,0.966966967,0.596811072
39450,"phoA,mntC,hprK,trkA,plsY,secF,atpB_2,group",0.176136364,0.119318182,0,0.090909091,0.18852459,0,0.02624562,0.601133846,0.963963964,0.597158174
15640,"phoA,abcA,hprK,carB,plsY,metK,atpB_2,group",0.060606061,0.119318182,0,0.177489177,0.18852459,0,0.05665145,0.60258946,0.968468468,0.60898167
9238,"phoA,pitA,hprK,murD,plsY,thiI,tdk,group",0.060606061,0.119318182,0,0.177489177,0.18852459,0,0.057223828,0.603161838,0.960960961,0.609180014
10640,"pmi,mntC,clpB,carB,plsY,scrB,atpB_2,group",0.060606061,0.176136364,0,0.090909091,0.18852459,0,0.087727381,0.603903486,0.965465465,0.623488317
9260,"phoA,pitA,hprK,murD,scpB,gatA,atpB_2,group",0.119318182,0.119318182,0,0.090909091,0.18852459,0,0.087531934,0.605601979,0.963963964,0.62124593
39470,"phoA,mntC,hprK,trkA,plsY,thiI,atpB_2,group",0.119318182,0.119318182,0,0.177489177,0.158469945,0,0.031452863,0.606048349,0.968468468,0.598877154
25720,"pmi,mntC,hprK,carB,plsY,metK,atpB_2,group",0.060606061,0.119318182,0,0.177489177,0.158469945,0,0.09219472,0.608078085,0.960960961,0.624876724
29390,"phoA,mntC,hprK,murD,plsY,thiI,atpB_2,group",0.060606061,0.119318182,0,0.177489177,0.18852459,0,0.062347308,0.608285318,0.966966967,0.611229566
4108,"pmi,pitA,clpB,trkA,plsY,gatA,tdk,group",0.060606061,0.176136364,0,0.090909091,0.18852459,0,0.092711256,0.608887362,0.951951952,0.625405641
45950,"phoA,cysS,hprK,carB,plsY,thiI,atpB_2,group",0.119318182,0.119318182,0,0.090909091,0.18852459,0,0.091580461,0.609650506,0.966966967,0.622860228
45920,"pmi,cysS,hprK,carB,plsY,scrB,atpB_2,group",0.176136364,0.119318182,0,0,0.18852459,0,0.12642571,0.610404845,0.962462462,0.638804868
9268,"phoA,pitA,hprK,murD,scpB,gatA,tdk,group",0.119318182,0.119318182,0,0.090909091,0.18852459,0,0.092571652,0.610641697,0.963963964,0.623240387
25520,"phoA,mntC,hprK,carB,dinG,scrB,atpB_2,group",0.176136364,0.119318182,0,0.090909091,0.18852459,0,0.036632184,0.611520411,0.968468468,0.601284827
25529,"phoA,mntC,hprK,carB,dinG,scrB,thiM,group",0.176136364,0.119318182,0,0.090909091,0.18852459,0,0.036632184,0.611520411,0.968468468,0.601284827
39440,"pmi,mntC,hprK,trkA,plsY,scrB,atpB_2,group",0.176136364,0.119318182,0,0.090909091,0.158469945,0,0.067470788,0.61230437,0.960960961,0.615345201
35809,"phoA,mnh_A1,hprK,carB,plsY,metK,thiM,group",0.119318182,0.060606061,0,0.177489177,0.18852459,0,0.066884449,0.61282246,0.966966967,0.61302017
19240,"phoA,pitA,hprK,trkA,plsY,metK,atpB_2,group",0.119318182,0.060606061,0,0.177489177,0.18852459,0,0.066884449,0.61282246,0.960960961,0.612998132
8780,"phoA,pitA,hprK,murD,birA,gatA,atpB_2,group",0.060606061,0.119318182,0,0.177489177,0.18852459,0,0.067373065,0.613311075,0.956456456,0.613179947
9149,"phoA,pitA,hprK,murD,plsY,gatA,thiM,group",0.119318182,0.060606061,0,0.177489177,0.18852459,0,0.067373065,0.613311075,0.956456456,0.613174438
29420,"phoA,mntC,hprK,murD,scpB,gatA,atpB_2,group",0.119318182,0.119318182,0,0.090909091,0.18852459,0,0.097597409,0.615667454,0.96996997,0.625251373
18980,"phoA,pitA,hprK,trkA,dinG,gatA,atpB_2,group",0.176136364,0.119318182,0,0.090909091,0.18852459,0,0.041741704,0.616629931,0.960960961,0.603279285
32920,"phoA,mntC,hprK,pnpA,plsY,metK,atpB_2,group",0.119318182,0.060606061,0,0.177489177,0.18852459,0,0.071980009,0.617918019,0.966966967,0.615036666
35800,"phoA,mntC,hprK,pycA,plsY,metK,atpB_2,group",0.119318182,0.060606061,0,0.177489177,0.18852459,0,0.071980009,0.617918019,0.962462462,0.615020137
37960,"phoA,mntC,hprK,recG,plsY,metK,atpB_2,group",0.119318182,0.060606061,0,0.177489177,0.18852459,0,0.071980009,0.617918019,0.962462462,0.615020137
19248,"phoA,pitA,hprK,trkA,plsY,metK,tdk,group",0.119318182,0.060606061,0,0.177489177,0.18852459,0,0.071980009,0.617918019,0.960960961,0.615014628
8788,"phoA,pitA,hprK,murD,birA,gatA,tdk,group",0.060606061,0.119318182,0,0.177489177,0.18852459,0,0.072468624,0.618406634,0.956456456,0.615196443
25708,"pmi,mntC,hprK,carB,plsY,gatA,tdk,group",0.060606061,0.119318182,0,0.177489177,0.18852459,0,0.072496545,0.618434555,0.963963964,0.617416792
15710,"phoA,abcA,hprK,carB,plsY,thiI,atpB_2,group",0.060606061,0.176136364,0,0.177489177,0.18852459,0,0.015789253,0.618545445,0.968468468,0.592981934
25540,"phoA,mntC,hprK,carB,dinG,tgt,atpB_2,group",0.119318182,0.119318182,0,0.177489177,0.18852459,0,0.015789253,0.620439385,0.966966967,0.592976425
25549,"phoA,mntC,hprK,carB,dinG,tgt,thiM,group",0.119318182,0.119318182,0,0.177489177,0.18852459,0,0.015789253,0.620439385,0.966966967,0.592976425
25789,"phoA,mntC,hprK,carB,plsY,tgt,thiM,group",0.119318182,0.119318182,0,0.177489177,0.18852459,0,0.015789253,0.620439385,0.966966967,0.592976425
39140,"phoA,mntC,hprK,trkA,dinG,gatA,atpB_2,group",0.176136364,0.119318182,0,0.090909091,0.18852459,0,0.046907065,0.621795292,0.963963964,0.605334347
39149,"phoA,mntC,hprK,trkA,dinG,gatA,thiM,group",0.176136364,0.119318182,0,0.090909091,0.18852459,0,0.046907065,0.621795292,0.963963964,0.605334347
18988,"phoA,pitA,hprK,trkA,dinG,gatA,tdk,group",0.176136364,0.119318182,0,0.090909091,0.18852459,0,0.046907065,0.621795292,0.960960961,0.605323328
25770,"pmi,mntC,hprK,carB,plsY,secF,atpB_2,group",0.119318182,0.176136364,0,0.090909091,0.18852459,0,0.046962907,0.621851134,0.960960961,0.607554696
33640,"phoA,mntC,hprK,polC,plsY,metK,atpB_2,group",0.119318182,0.060606061,0,0.177489177,0.18852459,0,0.077047647,0.622985657,0.962462462,0.617025614
49488,"phoA,mnh_A1,hprK,trkA,plsY,metK,tdk,group",0.119318182,0.060606061,0,0.177489177,0.18852459,0,0.077061607,0.622999617,0.963963964,0.617036633
28940,"phoA,mntC,hprK,murD,birA,gatA,atpB_2,group",0.060606061,0.119318182,0,0.177489177,0.18852459,0,0.077550223,0.623488233,0.962462462,0.617229467
25790,"pmi,mntC,hprK,carB,plsY,thiI,atpB_2,group",0.060606061,0.176136364,0,0.177489177,0.158469945,0,0.052114308,0.624815855,0.960960961,0.60922409
39460,"phoA,mntC,hprK,trkA,plsY,tgt,atpB_2,group",0.119318182,0.119318182,0,0.177489177,0.18852459,0,0.021024417,0.625674548,0.963963964,0.595036997
5560,"pmi,pitA,hprK,carB,plsY,metK,atpB_2,group",0.060606061,0.119318182,0,0.177489177,0.18852459,0,0.082115285,0.628053295,0.951951952,0.621168796
25794,"phoA,mntC,hprK,carB,plsY,thiI,mqo1,group",0.119318182,0.060606061,0,0.177489177,0.18852459,0,0.082520138,0.628458148,0.968468468,0.619212906
25319,"phoA,mntC,hprK,carB,aroA,thiI,thiM,group",0.119318182,0.119318182,0,0.177489177,0.18852459,0,0.02624562,0.630895751,0.96996997,0.597125116
25778,"phoA,mntC,hprK,carB,plsY,secF,tdk,group",0.119318182,0.119318182,0,0.177489177,0.18852459,0,0.02624562,0.630895751,0.966966967,0.597114097
19310,"phoA,pitA,hprK,trkA,plsY,thiI,atpB_2,group",0.119318182,0.119318182,0,0.177489177,0.18852459,0,0.02624562,0.630895751,0.965465465,0.597108588
19340,"phoA,pitA,hprK,trkA,scpB,gatA,atpB_2,group",0.176136364,0.119318182,0,0.090909091,0.18852459,0,0.057112144,0.632000371,0.968468468,0.609389376
25880,"phoA,mntC,hprK,carB,scpB,scrB,atpB_2,group",0.176136364,0.119318182,0,0.090909091,0.18852459,0,0.057126105,0.632014331,0.975975976,0.609422434
5300,"pmi,pitA,hprK,carB,dinG,gatA,atpB_2,group",0.119318182,0.176136364,0,0.090909091,0.18852459,0,0.057181946,0.632070173,0.951951952,0.61155463
19280,"pmi,pitA,hprK,trkA,plsY,scrB,atpB_2,group",0.176136364,0.119318182,0,0.090909091,0.18852459,0,0.057251749,0.632139975,0.954954955,0.611593197
5568,"pmi,pitA,hprK,carB,plsY,metK,tdk,group",0.060606061,0.119318182,0,0.177489177,0.18852459,0,0.087168963,0.633106973,0.954954955,0.623174273
37249,"phoA,mnh_A1,hprK,ctaA,plsY,metK,thiM,group",0.119318182,0.060606061,0,0.177489177,0.18852459,0,0.087168963,0.633106973,0.962462462,0.621031057
27169,"phoA,mntC,hprK,ctaA,plsY,metK,thiM,group",0.119318182,0.060606061,0,0.177489177,0.18852459,0,0.087168963,0.633106973,0.962462462,0.621031057
10609,"phoA,mntC,clpB,carB,plsY,metK,thiM,group",0.060606061,0.119318182,0,0.177489177,0.18852459,0,0.087266686,0.633204696,0.962462462,0.621075134
49550,"phoA,mnh_A1,hprK,trkA,plsY,thiI,atpB_2,group",0.119318182,0.119318182,0,0.177489177,0.18852459,0,0.031452863,0.636102994,0.968468468,0.599180179
32990,"phoA,mntC,hprK,pnpA,plsY,thiI,atpB_2,group",0.119318182,0.119318182,0,0.177489177,0.18852459,0,0.031452863,0.636102994,0.971471471,0.599191198
35870,"phoA,mntC,hprK,pycA,plsY,thiI,atpB_2,group",0.119318182,0.119318182,0,0.177489177,0.18852459,0,0.031452863,0.636102994,0.966966967,0.599174669
38030,"phoA,mntC,hprK,recG,plsY,thiI,atpB_2,group",0.119318182,0.119318182,0,0.177489177,0.18852459,0,0.031452863,0.636102994,0.966966967,0.599174669
38990,"phoA,mntC,hprK,trkA,aroA,thiI,atpB_2,group",0.119318182,0.119318182,0,0.177489177,0.18852459,0,0.031452863,0.636102994,0.971471471,0.599191198
19318,"phoA,pitA,hprK,trkA,plsY,thiI,tdk,group",0.119318182,0.119318182,0,0.177489177,0.18852459,0,0.031452863,0.636102994,0.965465465,0.59916916
25829,"phoA,mntC,hprK,carB,scpB,gatA,thiM,group",0.176136364,0.119318182,0,0.090909091,0.18852459,0,0.062179782,0.637068009,0.974474474,0.611416891
39500,"phoA,mntC,hprK,trkA,scpB,gatA,atpB_2,group",0.176136364,0.119318182,0,0.090909091,0.18852459,0,0.062235624,0.637123851,0.971471471,0.61142791
19348,"phoA,pitA,hprK,trkA,scpB,gatA,tdk,group",0.176136364,0.119318182,0,0.090909091,0.18852459,0,0.062235624,0.637123851,0.968468468,0.611416891
5308,"pmi,pitA,hprK,carB,dinG,gatA,tdk,group",0.119318182,0.176136364,0,0.090909091,0.18852459,0,0.062305426,0.637193653,0.954954955,0.613587654
25769,"pmi,mntC,hprK,carB,plsY,scrB,thiM,group",0.176136364,0.119318182,0,0.090909091,0.18852459,0,0.062361268,0.637249495,0.962462462,0.61363724
19288,"pmi,pitA,hprK,trkA,plsY,scrB,tdk,group",0.176136364,0.119318182,0,0.090909091,0.18852459,0,0.062375229,0.637263455,0.957957958,0.613626221
24280,"phoA,mntC,clpB,trkA,plsY,metK,atpB_2,group",0.060606061,0.119318182,0,0.177489177,0.18852459,0,0.092306404,0.638244414,0.959459459,0.623058572
5309,"phoA,pitA,hprK,carB,dinG,gatA,thiM,group",0.119318182,0.119318182,0,0.177489177,0.18852459,0,0.036562382,0.641212513,0.960960961,0.601174636
25400,"phoA,mntC,hprK,carB,birA,scrB,atpB_2,group",0.119318182,0.119318182,0,0.177489177,0.18852459,0,0.036632184,0.641282316,0.968468468,0.601229732
33230,"phoA,mntC,hprK,polC,aroA,thiI,atpB_2,group",0.119318182,0.119318182,0,0.177489177,0.18852459,0,0.036632184,0.641282316,0.96996997,0.601235241
33710,"phoA,mntC,hprK,polC,plsY,thiI,atpB_2,group",0.119318182,0.119318182,0,0.177489177,0.18852459,0,0.036632184,0.641282316,0.966966967,0.601224222
25768,"pmi,mntC,hprK,carB,plsY,scrB,tdk,group",0.119318182,0.119318182,0,0.177489177,0.158469945,0,0.067470788,0.642066274,0.965465465,0.615306634
25460,"pmi,mntC,hprK,carB,dinG,gatA,atpB_2,group",0.119318182,0.176136364,0,0.090909091,0.18852459,0,0.067400986,0.642289212,0.960960961,0.615620678
32960,"pmi,mntC,hprK,pnpA,plsY,scrB,atpB_2,group",0.176136364,0.119318182,0,0.090909091,0.18852459,0,0.067470788,0.642359014,0.960960961,0.615648226
35840,"pmi,mntC,hprK,pycA,plsY,scrB,atpB_2,group",0.176136364,0.119318182,0,0.090909091,0.18852459,0,0.067470788,0.642359014,0.957957958,0.615637207
38000,"pmi,mntC,hprK,recG,plsY,scrB,atpB_2,group",0.176136364,0.119318182,0,0.090909091,0.18852459,0,0.067470788,0.642359014,0.957957958,0.615637207
38960,"pmi,mntC,hprK,trkA,aroA,scrB,atpB_2,group",0.176136364,0.119318182,0,0.090909091,0.18852459,0,0.067470788,0.642359014,0.966966967,0.615670264
19229,"phoA,pitA,hprK,trkA,plsY,gatA,thiM,group",0.176136364,0.060606061,0,0.177489177,0.18852459,0,0.041741704,0.644497896,0.960960961,0.60321317
10420,"phoA,mntC,clpB,carB,dinG,tgt,atpB_2,group",0.060606061,0.176136364,0,0.177489177,0.18852459,0,0.041783585,0.644539777,0.956456456,0.603224189
10429,"phoA,mntC,clpB,carB,dinG,tgt,thiM,group",0.060606061,0.176136364,0,0.177489177,0.18852459,0,0.041783585,0.644539777,0.956456456,0.603224189
10669,"phoA,mntC,clpB,carB,plsY,tgt,thiM,group",0.060606061,0.176136364,0,0.177489177,0.18852459,0,0.041783585,0.644539777,0.962462462,0.603246227
25780,"pmi,mntC,hprK,carB,plsY,tgt,atpB_2,group",0.060606061,0.176136364,0,0.177489177,0.18852459,0,0.041797546,0.644553738,0.960960961,0.605455557
5630,"pmi,pitA,hprK,carB,plsY,thiI,atpB_2,group",0.060606061,0.176136364,0,0.177489177,0.18852459,0,0.041811506,0.644567698,0.951951952,0.605428009
39409,"phoA,mntC,hprK,trkA,plsY,metK,thiM,group",0.176136364,0.060606061,0,0.177489177,0.158469945,0,0.071980009,0.644681556,0.963963964,0.614887908
25349,"phoA,mntC,hprK,carB,birA,gatA,thiM,group",0.119318182,0.119318182,0,0.177489177,0.18852459,0,0.041741704,0.646391835,0.966966967,0.603246227
18860,"phoA,pitA,hprK,trkA,birA,gatA,atpB_2,group",0.119318182,0.119318182,0,0.177489177,0.18852459,0,0.041741704,0.646391835,0.960960961,0.603224189
9160,"phoA,cysS,hprK,trkA,plsY,metK,atpB_2,group",0.176136364,0.060606061,0,0.090909091,0.18852459,0,0.130948891,0.647124996,0.968468468,0.638435728
33200,"pmi,mntC,hprK,polC,aroA,scrB,atpB_2,group",0.176136364,0.119318182,0,0.090909091,0.18852459,0,0.072552387,0.647440613,0.963963964,0.617664722
33680,"pmi,mntC,hprK,polC,plsY,scrB,atpB_2,group",0.176136364,0.119318182,0,0.090909091,0.18852459,0,0.072552387,0.647440613,0.957957958,0.617642684
29329,"phoA,mntC,hprK,murD,plsY,metK,thiM,group",0.119318182,0.060606061,0,0.177489177,0.18852459,0,0.102204353,0.648142363,0.962462462,0.626981372
24340,"phoA,mntC,clpB,trkA,plsY,tgt,atpB_2,group",0.060606061,0.176136364,0,0.177489177,0.18852459,0,0.046948947,0.649705139,0.959459459,0.605279252
5638,"pmi,pitA,hprK,carB,plsY,thiI,tdk,group",0.060606061,0.176136364,0,0.177489177,0.18852459,0,0.046976868,0.649733059,0.954954955,0.607477562
38008,"phoA,mntC,hprK,recG,plsY,scrB,tdk,group",0.176136364,0.060606061,0,0.177489177,0.18852459,0,0.046976868,0.649733059,0.963963964,0.60529578
39448,"phoA,mntC,hprK,trkA,plsY,scrB,tdk,group",0.176136364,0.060606061,0,0.177489177,0.18852459,0,0.046976868,0.649733059,0.965465465,0.60530129
25468,"phoA,mntC,hprK,carB,dinG,gatA,tdk,group",0.119318182,0.119318182,0,0.177489177,0.18852459,0,0.046907065,0.651557197,0.966966967,0.605290271
39020,"phoA,mntC,hprK,trkA,birA,gatA,atpB_2,group",0.119318182,0.119318182,0,0.177489177,0.18852459,0,0.046907065,0.651557197,0.963963964,0.605279252
18868,"phoA,pitA,hprK,trkA,birA,gatA,tdk,group",0.119318182,0.119318182,0,0.177489177,0.18852459,0,0.046907065,0.651557197,0.960960961,0.605268232
27239,"phoA,mntC,hprK,ctaA,plsY,thiI,thiM,group",0.119318182,0.119318182,0,0.177489177,0.18852459,0,0.046976868,0.651626999,0.966966967,0.605317818
5660,"pmi,pitA,hprK,carB,scpB,gatA,atpB_2,group",0.119318182,0.176136364,0,0.090909091,0.18852459,0,0.0774525,0.652340726,0.959459459,0.619582045
25410,"phoA,mntC,hprK,carB,birA,secF,atpB_2,group",0.119318182,0.176136364,0,0.177489177,0.158469945,0,0.021024417,0.652438085,0.966966967,0.594915787
25530,"phoA,mntC,hprK,carB,dinG,secF,atpB_2,group",0.176136364,0.176136364,0,0.090909091,0.18852459,0,0.021024417,0.652730825,0.966966967,0.595273907
25539,"phoA,mntC,hprK,carB,dinG,secF,thiM,group",0.176136364,0.176136364,0,0.090909091,0.18852459,0,0.021024417,0.652730825,0.966966967,0.595273907
27160,"pmi,mntC,hprK,ctaA,plsY,metK,atpB_2,group",0.060606061,0.119318182,0,0.177489177,0.18852459,0,0.10723011,0.65316812,0.956456456,0.631097007
10600,"pmi,mntC,clpB,carB,plsY,metK,atpB_2,group",0,0.176136364,0,0.177489177,0.18852459,0,0.112297748,0.654447879,0.959459459,0.633096974
10679,"phoA,mntC,clpB,carB,plsY,thiI,thiM,group",0.060606061,0.176136364,0,0.177489177,0.18852459,0,0.052100348,0.65485654,0.966966967,0.607345333
25310,"pmi,mntC,hprK,carB,aroA,thiI,atpB_2,group",0.060606061,0.176136364,0,0.177489177,0.18852459,0,0.052114308,0.6548705,0.963963964,0.609538134
5668,"pmi,pitA,hprK,carB,scpB,gatA,tdk,group",0.119318182,0.176136364,0,0.090909091,0.18852459,0,0.082520138,0.657408364,0.962462462,0.621593032
25550,"phoA,mntC,hprK,carB,dinG,thiI,atpB_2,group",0.119318182,0.176136364,0,0.177489177,0.158469945,0,0.02624562,0.657659288,0.966966967,0.596981868
25559,"phoA,mntC,hprK,carB,dinG,thiI,thiM,group",0.119318182,0.176136364,0,0.177489177,0.158469945,0,0.02624562,0.657659288,0.966966967,0.596981868
5420,"phoA,pitA,hprK,carB,odhB,gatA,atpB_2,group",0.060606061,0.119318182,0,0.177489177,0.18852459,0,0.111851014,0.657789024,0.960960961,0.630799491
5180,"pmi,pitA,hprK,carB,birA,gatA,atpB_2,group",0.060606061,0.176136364,0,0.177489177,0.18852459,0,0.057181946,0.659938138,0.951951952,0.611494025
24350,"phoA,mntC,clpB,trkA,plsY,thiI,atpB_2,group",0.060606061,0.176136364,0,0.177489177,0.18852459,0,0.057237788,0.65999398,0.968468468,0.609383867
25820,"pmi,mntC,hprK,carB,scpB,gatA,atpB_2,group",0.119318182,0.176136364,0,0.090909091,0.18852459,0,0.087559855,0.662448082,0.968468468,0.623604018
4168,"pmi,pitA,clpB,trkA,plsY,scrB,tdk,group",0.119318182,0.176136364,0,0.090909091,0.18852459,0,0.087741341,0.662629568,0.957957958,0.623637075
25580,"phoA,mntC,hprK,carB,odhB,gatA,atpB_2,group",0.060606061,0.119318182,0,0.177489177,0.18852459,0,0.116820929,0.66275894,0.966966967,0.632788439
5428,"phoA,pitA,hprK,carB,odhB,gatA,tdk,group",0.060606061,0.119318182,0,0.177489177,0.18852459,0,0.116820929,0.66275894,0.960960961,0.632766401
39479,"phoA,mntC,hprK,trkA,plsY,thiI,thiM,group",0.176136364,0.119318182,0,0.177489177,0.158469945,0,0.031452863,0.662866531,0.968468468,0.59904244
25520,"pmi,mntC,hprK,carB,dinG,scrB,atpB_2,group",0.176136364,0.176136364,0,0.090909091,0.158469945,0,0.062361268,0.664013032,0.962462462,0.613499501
5188,"pmi,pitA,hprK,carB,birA,gatA,tdk,group",0.060606061,0.176136364,0,0.177489177,0.18852459,0,0.062305426,0.665061618,0.954954955,0.613527049
29320,"phoA,abcA,hprK,trkA,plsY,metK,atpB_2,group",0.119318182,0.119318182,0,0.177489177,0.18852459,0,0.06177493,0.666425061,0.965465465,0.611168961
9230,"phoA,cysS,hprK,trkA,plsY,thiI,atpB_2,group",0.176136364,0.119318182,0,0.090909091,0.18852459,0,0.091761947,0.666650173,0.968468468,0.623102648
29399,"phoA,mntC,hprK,murD,plsY,thiI,thiM,group",0.119318182,0.119318182,0,0.177489177,0.18852459,0,0.062347308,0.666997439,0.966966967,0.611400363
24320,"pmi,mntC,clpB,trkA,plsY,scrB,atpB_2,group",0.119318182,0.176136364,0,0.090909091,0.18852459,0,0.092767098,0.667655325,0.963963964,0.625642551
25724,"phoA,mntC,hprK,carB,plsY,metK,mqo1,group",0.119318182,0.060606061,0,0.177489177,0.18852459,0,0.121930449,0.667868459,0.968468468,0.634810444
25340,"pmi,mntC,hprK,carB,birA,gatA,atpB_2,group",0.060606061,0.176136364,0,0.177489177,0.18852459,0,0.067400986,0.670157178,0.960960961,0.615560073
27230,"pmi,mntC,hprK,ctaA,plsY,thiI,atpB_2,group",0.060606061,0.176136364,0,0.177489177,0.18852459,0,0.067484748,0.67024094,0.960960961,0.615593131
25480,"phoA,mntC,hprK,carB,dinG,metK,atpB_2,group",0.119318182,0.119318182,0,0.177489177,0.18852459,0,0.066884449,0.671534581,0.966966967,0.613196476
25489,"phoA,mntC,hprK,carB,dinG,metK,thiM,group",0.119318182,0.119318182,0,0.177489177,0.18852459,0,0.066884449,0.671534581,0.966966967,0.613196476
39400,"pmi,mntC,hprK,trkA,plsY,metK,atpB_2,group",0.119318182,0.119318182,0,0.177489177,0.158469945,0,0.097220477,0.671815964,0.959459459,0.627025449
25828,"phoA,mntC,hprK,carB,scpB,gatA,tdk,group",0.119318182,0.119318182,0,0.177489177,0.18852459,0,0.067289302,0.671939433,0.974474474,0.613383801
8909,"phoA,pitA,hprK,murD,dinG,gatA,thiM,group",0.119318182,0.119318182,0,0.177489177,0.18852459,0,0.067373065,0.672023196,0.956456456,0.613350744
25288,"pmi,mntC,hprK,carB,aroA,scrB,tdk,group",0.119318182,0.119318182,0,0.177489177,0.18852459,0,0.067470788,0.672120919,0.968468468,0.615620678
36080,"pmi,mntC,hprK,qoxA,aroA,scrB,atpB_2,group",0.119318182,0.119318182,0,0.177489177,0.18852459,0,0.067470788,0.672120919,0.963963964,0.61560415
36560,"pmi,mntC,hprK,qoxA,plsY,scrB,atpB_2,group",0.119318182,0.119318182,0,0.177489177,0.18852459,0,0.067470788,0.672120919,0.957957958,0.615582112
29429,"phoA,mntC,hprK,murD,scpB,gatA,thiM,group",0.176136364,0.119318182,0,0.090909091,0.18852459,0,0.097597409,0.672485635,0.96996997,0.62541666
45880,"pmi,cysS,hprK,carB,plsY,metK,atpB_2,group",0.119318182,0.119318182,0,0.090909091,0.18852459,0,0.155170248,0.673240292,0.960960961,0.650093938
25890,"phoA,mntC,hprK,carB,scpB,secF,atpB_2,group",0.176136364,0.176136364,0,0.090909091,0.18852459,0,0.041685862,0.673392271,0.974474474,0.603477628
49489,"phoA,mnh_A1,hprK,trkA,plsY,metK,thiM,group",0.176136364,0.060606061,0,0.177489177,0.18852459,0,0.071980009,0.674736201,0.963963964,0.615190933
32929,"phoA,mntC,hprK,pnpA,plsY,metK,thiM,group",0.176136364,0.060606061,0,0.177489177,0.18852459,0,0.071980009,0.674736201,0.966966967,0.615201953
35809,"phoA,mntC,hprK,pycA,plsY,metK,thiM,group",0.176136364,0.060606061,0,0.177489177,0.18852459,0,0.071980009,0.674736201,0.962462462,0.615185424
37969,"phoA,mntC,hprK,recG,plsY,metK,thiM,group",0.176136364,0.060606061,0,0.177489177,0.18852459,0,0.071980009,0.674736201,0.962462462,0.615185424
5250,"phoA,pitA,hprK,carB,birA,secF,atpB_2,group",0.119318182,0.176136364,0,0.177489177,0.18852459,0,0.015789253,0.677257566,0.960960961,0.593125183
25910,"phoA,mntC,hprK,carB,scpB,thiI,atpB_2,group",0.119318182,0.176136364,0,0.177489177,0.158469945,0,0.046851224,0.678264892,0.974474474,0.605163551
33649,"phoA,mntC,hprK,polC,plsY,metK,thiM,group",0.176136364,0.060606061,0,0.177489177,0.18852459,0,0.077047647,0.679803839,0.962462462,0.6171909
15640,"phoA,mnhD_1,hprK,carB,plsY,metK,atpB_2,group",0.119318182,0.060606061,0,0.177489177,0.18852459,0,0.135486033,0.681424043,0.966966967,0.640171237
45888,"phoA,cysS,hprK,carB,plsY,metK,tdk,group",0.119318182,0.060606061,0,0.177489177,0.18852459,0,0.135681479,0.681619489,0.966966967,0.640248371
28949,"phoA,mntC,hprK,murD,birA,gatA,thiM,group",0.119318182,0.119318182,0,0.177489177,0.18852459,0,0.077550223,0.682200354,0.962462462,0.617400263
39388,"pmi,mntC,hprK,trkA,plsY,gatA,tdk,group",0.119318182,0.119318182,0,0.177489177,0.18852459,0,0.077578144,0.682228275,0.962462462,0.619587555
29390,"phoA,abcA,hprK,trkA,plsY,thiI,atpB_2,group",0.119318182,0.176136364,0,0.177489177,0.18852459,0,0.021024417,0.68249273,0.96996997,0.595229831
35490,"phoA,mnh_A1,hprK,carB,birA,secF,atpB_2,group",0.119318182,0.176136364,0,0.177489177,0.18852459,0,0.021024417,0.68249273,0.966966967,0.595218812
25416,"phoA,mntC,hprK,carB,birA,secF,prfA,group",0.119318182,0.176136364,0,0.177489177,0.18852459,0,0.021024417,0.68249273,0.966966967,0.595218812
39220,"phoA,mntC,hprK,trkA,dinG,tgt,atpB_2,group",0.176136364,0.119318182,0,0.177489177,0.18852459,0,0.021024417,0.68249273,0.963963964,0.595202283
39229,"phoA,mntC,hprK,trkA,dinG,tgt,thiM,group",0.176136364,0.119318182,0,0.177489177,0.18852459,0,0.021024417,0.68249273,0.963963964,0.595202283
39469,"phoA,mntC,hprK,trkA,plsY,tgt,thiM,group",0.176136364,0.119318182,0,0.177489177,0.18852459,0,0.021024417,0.68249273,0.963963964,0.595202283
5258,"phoA,pitA,hprK,carB,birA,secF,tdk,group",0.119318182,0.176136364,0,0.177489177,0.18852459,0,0.021024417,0.68249273,0.960960961,0.595196774
5390,"phoA,pitA,hprK,carB,dinG,thiI,atpB_2,group",0.119318182,0.176136364,0,0.177489177,0.18852459,0,0.021024417,0.68249273,0.960960961,0.595196774
39450,"pmi,mntC,hprK,trkA,plsY,secF,atpB_2,group",0.176136364,0.176136364,0,0.090909091,0.18852459,0,0.052114308,0.683820716,0.959459459,0.609747497
5360,"pmi,pitA,hprK,carB,dinG,scrB,atpB_2,group",0.176136364,0.176136364,0,0.090909091,0.18852459,0,0.052114308,0.683820716,0.953453453,0.609725459
25880,"pmi,mntC,hprK,carB,scpB,scrB,atpB_2,group",0.176136364,0.176136364,0,0.090909091,0.158469945,0,0.08257598,0.684227743,0.96996997,0.621504879
29068,"phoA,mntC,hprK,murD,dinG,gatA,tdk,group",0.119318182,0.119318182,0,0.177489177,0.18852459,0,0.082617861,0.687267992,0.962462462,0.61940574
9020,"phoA,pitA,hprK,murD,odhB,gatA,atpB_2,group",0.060606061,0.119318182,0,0.177489177,0.18852459,0,0.141405258,0.687343268,0.960960961,0.642496267
27208,"pmi,mntC,hprK,ctaA,plsY,scrB,tdk,group",0.119318182,0.119318182,0,0.177489177,0.18852459,0,0.082715584,0.687365715,0.960960961,0.62160956
35630,"phoA,mnh_A1,hprK,carB,dinG,thiI,atpB_2,group",0.119318182,0.176136364,0,0.177489177,0.18852459,0,0.02624562,0.687713933,0.966966967,0.597284893
25556,"phoA,mntC,hprK,carB,dinG,thiI,prfA,group",0.119318182,0.176136364,0,0.177489177,0.18852459,0,0.02624562,0.687713933,0.966966967,0.597284893
5398,"phoA,pitA,hprK,carB,dinG,thiI,tdk,group",0.119318182,0.176136364,0,0.177489177,0.18852459,0,0.02624562,0.687713933,0.960960961,0.597262855
39470,"pmi,mntC,hprK,trkA,plsY,thiI,atpB_2,group",0.119318182,0.176136364,0,0.177489177,0.158469945,0,0.057251749,0.688665417,0.963963964,0.61143342
5368,"pmi,pitA,hprK,carB,dinG,scrB,tdk,group",0.176136364,0.176136364,0,0.090909091,0.18852459,0,0.057251749,0.688958157,0.956456456,0.611763993
39474,"phoA,mntC,hprK,trkA,plsY,thiI,mqo1,group",0.176136364,0.060606061,0,0.177489177,0.18852459,0,0.087573816,0.690330008,0.968468468,0.621378159
45950,"pmi,cysS,hprK,carB,plsY,thiI,atpB_2,group",0.119318182,0.176136364,0,0.090909091,0.18852459,0,0.116541721,0.691429947,0.960960961,0.635014297
25840,"phoA,mntC,hprK,carB,scpB,metK,atpB_2,group",0.119318182,0.119318182,0,0.177489177,0.18852459,0,0.087043319,0.691693451,0.974474474,0.621201853
30040,"phoA,mntC,hprK,nusA,plsY,metK,atpB_2,group",0.119318182,0.119318182,0,0.177489177,0.18852459,0,0.087099161,0.691749292,0.962462462,0.621179815
19240,"pmi,pitA,hprK,trkA,plsY,metK,atpB_2,group",0.119318182,0.119318182,0,0.177489177,0.18852459,0,0.087168963,0.691819094,0.953453453,0.623339559
9028,"phoA,pitA,hprK,murD,odhB,gatA,tdk,group",0.060606061,0.119318182,0,0.177489177,0.18852459,0,0.14629141,0.69222942,0.960960961,0.64443012
25764,"pmi,mntC,hprK,carB,plsY,scrB,mqo1,group",0.176136364,0.119318182,0,0.090909091,0.18852459,0,0.117560833,0.692449059,0.965465465,0.635433023
32999,"phoA,mntC,hprK,pnpA,plsY,thiI,thiM,group",0.176136364,0.119318182,0,0.177489177,0.18852459,0,0.031452863,0.692921176,0.971471471,0.599356484
35879,"phoA,mntC,hprK,pycA,plsY,thiI,thiM,group",0.176136364,0.119318182,0,0.177489177,0.18852459,0,0.031452863,0.692921176,0.966966967,0.599339956
38039,"phoA,mntC,hprK,recG,plsY,thiI,thiM,group",0.176136364,0.119318182,0,0.177489177,0.18852459,0,0.031452863,0.692921176,0.966966967,0.599339956
38999,"phoA,mntC,hprK,trkA,aroA,thiI,thiM,group",0.176136364,0.119318182,0,0.177489177,0.18852459,0,0.031452863,0.692921176,0.971471471,0.599356484
39458,"phoA,mntC,hprK,trkA,plsY,secF,tdk,group",0.176136364,0.119318182,0,0.177489177,0.18852459,0,0.031452863,0.692921176,0.963963964,0.599328937
25400,"pmi,mntC,hprK,carB,birA,scrB,atpB_2,group",0.119318182,0.176136364,0,0.177489177,0.158469945,0,0.062361268,0.693774936,0.962462462,0.613444406
18980,"pmi,pitA,hprK,trkA,dinG,gatA,atpB_2,group",0.176136364,0.176136364,0,0.090909091,0.18852459,0,0.062305426,0.694011835,0.953453453,0.613747431
25526,"pmi,mntC,hprK,carB,dinG,scrB,prfA,group",0.176136364,0.176136364,0,0.090909091,0.18852459,0,0.062361268,0.694067677,0.962462462,0.613802527
25529,"pmi,mntC,hprK,carB,dinG,scrB,thiM,group",0.176136364,0.176136364,0,0.090909091,0.18852459,0,0.062361268,0.694067677,0.962462462,0.613802527
33714,"phoA,mntC,hprK,polC,plsY,thiI,mqo1,group",0.176136364,0.060606061,0,0.177489177,0.18852459,0,0.092599573,0.695355765,0.968468468,0.623367107
10648,"pmi,mntC,clpB,carB,plsY,scrB,tdk,group",0.060606061,0.176136364,0,0.177489177,0.18852459,0,0.092767098,0.69552329,0.965465465,0.625587456
25729,"pmi,mntC,hprK,carB,plsY,metK,thiM,group",0.119318182,0.119318182,0,0.177489177,0.18852459,0,0.09219472,0.696844851,0.960960961,0.625350545
19248,"pmi,pitA,hprK,trkA,plsY,metK,tdk,group",0.119318182,0.119318182,0,0.177489177,0.18852459,0,0.092208681,0.696858812,0.956456456,0.625339526
24289,"phoA,mntC,clpB,trkA,plsY,metK,thiM,group",0.119318182,0.119318182,0,0.177489177,0.18852459,0,0.092306404,0.696956535,0.959459459,0.623229368
29180,"phoA,mntC,hprK,murD,odhB,gatA,atpB_2,group",0.060606061,0.119318182,0,0.177489177,0.18852459,0,0.151163602,0.697101612,0.966966967,0.646380501
25900,"phoA,mntC,hprK,carB,scpB,tgt,atpB_2,group",0.119318182,0.176136364,0,0.177489177,0.18852459,0,0.03650654,0.697974854,0.974474474,0.60137298
9500,"phoA,pitA,hprK,nusA,birA,gatA,atpB_2,group",0.119318182,0.176136364,0,0.177489177,0.18852459,0,0.036562382,0.698030695,0.962462462,0.601350942
25409,"phoA,mntC,hprK,carB,birA,scrB,thiM,group",0.176136364,0.119318182,0,0.177489177,0.18852459,0,0.036632184,0.698100497,0.968468468,0.601395018
33239,"phoA,mntC,hprK,polC,aroA,thiI,thiM,group",0.176136364,0.119318182,0,0.177489177,0.18852459,0,0.036632184,0.698100497,0.96996997,0.601400528
33719,"phoA,mntC,hprK,polC,plsY,thiI,thiM,group",0.176136364,0.119318182,0,0.177489177,0.18852459,0,0.036632184,0.698100497,0.966966967,0.601389509
18988,"pmi,pitA,hprK,trkA,dinG,gatA,tdk,group",0.176136364,0.176136364,0,0.090909091,0.18852459,0,0.067414946,0.699121354,0.956456456,0.615774946
15230,"phoA,mnhD_1,hprK,carB,aroA,thiI,atpB_2,group",0.119318182,0.119318182,0,0.177489177,0.18852459,0,0.096410772,0.701060903,0.96996997,0.624893252
15710,"phoA,mnhD_1,hprK,carB,plsY,thiI,atpB_2,group",0.119318182,0.119318182,0,0.177489177,0.18852459,0,0.096410772,0.701060903,0.966966967,0.624882233
45958,"phoA,cysS,hprK,carB,plsY,thiI,tdk,group",0.119318182,0.119318182,0,0.177489177,0.18852459,0,0.096606218,0.701256349,0.966966967,0.624959367
32920,"pmi,mntC,hprK,pnpA,plsY,metK,atpB_2,group",0.119318182,0.119318182,0,0.177489177,0.18852459,0,0.097220477,0.701870608,0.960960961,0.627333983
35800,"pmi,mntC,hprK,pycA,plsY,metK,atpB_2,group",0.119318182,0.119318182,0,0.177489177,0.18852459,0,0.097220477,0.701870608,0.956456456,0.627317455
37960,"pmi,mntC,hprK,recG,plsY,metK,atpB_2,group",0.119318182,0.119318182,0,0.177489177,0.18852459,0,0.097220477,0.701870608,0.956456456,0.627317455
5750,"phoA,pitA,hprK,carB,scpB,thiI,atpB_2,group",0.119318182,0.176136364,0,0.177489177,0.18852459,0,0.041685862,0.703154175,0.968468468,0.603400495
29660,"phoA,mntC,hprK,nusA,birA,gatA,atpB_2,group",0.119318182,0.176136364,0,0.177489177,0.18852459,0,0.041741704,0.703210017,0.962462462,0.603400495
9508,"phoA,pitA,hprK,nusA,birA,gatA,tdk,group",0.119318182,0.176136364,0,0.177489177,0.18852459,0,0.041741704,0.703210017,0.962462462,0.603400495
18989,"phoA,pitA,hprK,trkA,dinG,gatA,thiM,group",0.176136364,0.119318182,0,0.177489177,0.18852459,0,0.041741704,0.703210017,0.960960961,0.603389476
25540,"pmi,mntC,hprK,carB,dinG,tgt,atpB_2,group",0.119318182,0.176136364,0,0.177489177,0.18852459,0,0.041797546,0.703265859,0.960960961,0.605626353
36930,"phoA,mnh_A1,hprK,ctaA,birA,secF,atpB_2,group",0.119318182,0.176136364,0,0.177489177,0.18852459,0,0.041811506,0.703279819,0.962462462,0.603428043
25528,"phoA,mntC,hprK,carB,dinG,scrB,tdk,group",0.176136364,0.119318182,0,0.177489177,0.18852459,0,0.041811506,0.703279819,0.968468468,0.603444571
26850,"phoA,mntC,hprK,ctaA,birA,secF,atpB_2,group",0.119318182,0.176136364,0,0.177489177,0.18852459,0,0.041811506,0.703279819,0.962462462,0.603428043
37640,"phoA,mntC,hprK,recG,birA,scrB,atpB_2,group",0.176136364,0.119318182,0,0.177489177,0.18852459,0,0.041811506,0.703279819,0.963963964,0.603428043
39080,"phoA,mntC,hprK,trkA,birA,scrB,atpB_2,group",0.176136364,0.119318182,0,0.177489177,0.18852459,0,0.041811506,0.703279819,0.965465465,0.603433552
39448,"pmi,mntC,hprK,trkA,plsY,scrB,tdk,group",0.176136364,0.119318182,0,0.177489177,0.158469945,0,0.072566347,0.703980015,0.963963964,0.617477397
5720,"pmi,pitA,hprK,carB,scpB,scrB,atpB_2,group",0.176136364,0.176136364,0,0.090909091,0.18852459,0,0.072440703,0.704147111,0.960960961,0.617774913
39140,"pmi,mntC,hprK,trkA,dinG,gatA,atpB_2,group",0.176136364,0.176136364,0,0.090909091,0.18852459,0,0.072496545,0.704202953,0.959459459,0.617791441
24268,"pmi,mntC,clpB,trkA,plsY,gatA,tdk,group",0.060606061,0.176136364,0,0.177489177,0.18852459,0,0.102734849,0.705491041,0.957957958,0.629493727
17128,"pmi,mntC,clpB,pknB,plsY,scrB,tdk,group",0.060606061,0.176136364,0,0.177489177,0.18852459,0,0.102804652,0.705560844,0.960960961,0.629532294
15200,"pmi,mnhD_1,hprK,carB,aroA,scrB,atpB_2,group",0.176136364,0.119318182,0,0.090909091,0.18852459,0,0.131158297,0.706046524,0.965465465,0.640799326
15680,"pmi,mnhD_1,hprK,carB,plsY,scrB,atpB_2,group",0.176136364,0.119318182,0,0.090909091,0.18852459,0,0.131158297,0.706046524,0.962462462,0.640788307
45928,"pmi,cysS,hprK,carB,plsY,scrB,tdk,group",0.176136364,0.119318182,0,0.090909091,0.18852459,0,0.131353743,0.70624197,0.965465465,0.640876459
33640,"pmi,mntC,hprK,polC,plsY,metK,atpB_2,group",0.119318182,0.119318182,0,0.177489177,0.18852459,0,0.102218313,0.706868445,0.956456456,0.629289874
29428,"phoA,mntC,hprK,murD,scpB,gatA,tdk,group",0.119318182,0.119318182,0,0.177489177,0.18852459,0,0.102609206,0.707259337,0.96996997,0.627345003
35990,"phoA,mnh_A1,hprK,carB,scpB,thiI,atpB_2,group",0.119318182,0.176136364,0,0.177489177,0.18852459,0,0.046851224,0.708319537,0.974474474,0.605466576
25916,"phoA,mntC,hprK,carB,scpB,thiI,prfA,group",0.119318182,0.176136364,0,0.177489177,0.18852459,0,0.046851224,0.708319537,0.974474474,0.605466576
5758,"phoA,pitA,hprK,carB,scpB,thiI,tdk,group",0.119318182,0.176136364,0,0.177489177,0.18852459,0,0.046851224,0.708319537,0.968468468,0.605444538
30110,"phoA,mntC,hprK,nusA,plsY,thiI,atpB_2,group",0.119318182,0.176136364,0,0.177489177,0.18852459,0,0.046907065,0.708375378,0.966966967,0.605461067
39029,"phoA,mntC,hprK,trkA,birA,gatA,thiM,group",0.176136364,0.119318182,0,0.177489177,0.18852459,0,0.046907065,0.708375378,0.963963964,0.605444538
8850,"phoA,pitA,hprK,murD,birA,secF,atpB_2,group",0.119318182,0.176136364,0,0.177489177,0.18852459,0,0.046934986,0.708403299,0.956456456,0.605433519
24100,"phoA,mntC,clpB,trkA,dinG,tgt,atpB_2,group",0.119318182,0.176136364,0,0.177489177,0.18852459,0,0.046948947,0.70841726,0.956456456,0.605439029
24109,"phoA,mntC,clpB,trkA,dinG,tgt,thiM,group",0.119318182,0.176136364,0,0.177489177,0.18852459,0,0.046948947,0.70841726,0.956456456,0.605439029
24349,"phoA,mntC,clpB,trkA,plsY,tgt,thiM,group",0.119318182,0.176136364,0,0.177489177,0.18852459,0,0.046948947,0.70841726,0.959459459,0.605450048
39460,"pmi,mntC,hprK,trkA,plsY,tgt,atpB_2,group",0.119318182,0.176136364,0,0.177489177,0.18852459,0,0.046962907,0.70843122,0.959459459,0.607659378
19310,"pmi,pitA,hprK,trkA,plsY,thiI,atpB_2,group",0.119318182,0.176136364,0,0.177489177,0.18852459,0,0.046976868,0.708445181,0.957957958,0.607659378
37070,"phoA,mnh_A1,hprK,ctaA,dinG,thiI,atpB_2,group",0.119318182,0.176136364,0,0.177489177,0.18852459,0,0.046976868,0.708445181,0.966966967,0.605488615
26990,"phoA,mntC,hprK,ctaA,dinG,thiI,atpB_2,group",0.119318182,0.176136364,0,0.177489177,0.18852459,0,0.046976868,0.708445181,0.966966967,0.605488615
26999,"phoA,mntC,hprK,ctaA,dinG,thiI,thiM,group",0.119318182,0.176136364,0,0.177489177,0.18852459,0,0.046976868,0.708445181,0.966966967,0.605488615
19340,"pmi,pitA,hprK,trkA,scpB,gatA,atpB_2,group",0.176136364,0.176136364,0,0.090909091,0.18852459,0,0.077508341,0.70921475,0.960960961,0.61977488
5728,"pmi,pitA,hprK,carB,scpB,scrB,tdk,group",0.176136364,0.176136364,0,0.090909091,0.18852459,0,0.077522302,0.70922871,0.963963964,0.619791408
25419,"phoA,mntC,hprK,carB,birA,secF,thiM,group",0.176136364,0.176136364,0,0.177489177,0.158469945,0,0.021024417,0.709256267,0.966966967,0.595081073
26960,"pmi,mntC,hprK,ctaA,dinG,scrB,atpB_2,group",0.176136364,0.176136364,0,0.090909091,0.18852459,0,0.077647946,0.709354354,0.957957958,0.619818956
12088,"pmi,mntC,clpB,ctaA,plsY,scrB,tdk,group",0.060606061,0.176136364,0,0.177489177,0.18852459,0,0.107802488,0.71055868,0.960960961,0.631504713
25794,"pmi,mntC,hprK,carB,plsY,thiI,mqo1,group",0.119318182,0.119318182,0,0.177489177,0.18852459,0,0.107621002,0.712271133,0.963963964,0.631449618
39148,"phoA,mntC,hprK,trkA,dinG,gatA,tdk,group",0.176136364,0.119318182,0,0.177489177,0.18852459,0,0.052058466,0.713526779,0.963963964,0.607483072
8858,"phoA,pitA,hprK,murD,birA,secF,tdk,group",0.119318182,0.176136364,0,0.177489177,0.18852459,0,0.052086387,0.7135547,0.956456456,0.607472053
8990,"phoA,pitA,hprK,murD,dinG,thiI,atpB_2,group",0.119318182,0.176136364,0,0.177489177,0.18852459,0,0.052086387,0.7135547,0.960960961,0.607488581
25778,"pmi,mntC,hprK,carB,plsY,secF,tdk,group",0.119318182,0.176136364,0,0.177489177,0.18852459,0,0.052114308,0.713582621,0.963963964,0.60970893
25799,"pmi,mntC,hprK,carB,plsY,thiI,thiM,group",0.119318182,0.176136364,0,0.177489177,0.18852459,0,0.052114308,0.713582621,0.960960961,0.609697911
5240,"pmi,pitA,hprK,carB,birA,scrB,atpB_2,group",0.119318182,0.176136364,0,0.177489177,0.18852459,0,0.052114308,0.713582621,0.953453453,0.609670364
19318,"pmi,pitA,hprK,trkA,plsY,thiI,tdk,group",0.119318182,0.176136364,0,0.177489177,0.18852459,0,0.052128268,0.713596582,0.960960961,0.609703421
25886,"pmi,mntC,hprK,carB,scpB,scrB,prfA,group",0.176136364,0.176136364,0,0.090909091,0.18852459,0,0.08257598,0.714282388,0.96996997,0.621807904
19348,"pmi,pitA,hprK,trkA,scpB,gatA,tdk,group",0.176136364,0.176136364,0,0.090909091,0.18852459,0,0.08257598,0.714282388,0.963963964,0.621785866
30080,"pmi,mntC,hprK,nusA,plsY,scrB,atpB_2,group",0.176136364,0.176136364,0,0.090909091,0.18852459,0,0.082631821,0.71433823,0.960960961,0.621796885
39090,"phoA,mntC,hprK,trkA,birA,secF,atpB_2,group",0.176136364,0.176136364,0,0.177489177,0.158469945,0,0.02624562,0.71447747,0.963963964,0.597136135
4128,"pmi,pitA,clpB,trkA,plsY,metK,tdk,group",0.060606061,0.176136364,0,0.177489177,0.18852459,0,0.112311709,0.715067901,0.951951952,0.633251241
25640,"phoA,mntC,hprK,carB,odhB,scrB,atpB_2,group",0.119318182,0.119318182,0,0.177489177,0.18852459,0,0.111920816,0.716570948,0.968468468,0.631025383
19100,"phoA,pitA,hprK,trkA,odhB,gatA,atpB_2,group",0.119318182,0.119318182,0,0.177489177,0.18852459,0,0.112004579,0.71665471,0.965465465,0.631047421
45570,"phoA,cysS,hprK,carB,birA,secF,atpB_2,group",0.176136364,0.176136364,0,0.090909091,0.18852459,0,0.086540744,0.718247152,0.966966967,0.621201853
45710,"phoA,cysS,hprK,carB,dinG,thiI,atpB_2,group",0.176136364,0.176136364,0,0.090909091,0.18852459,0,0.086540744,0.718247152,0.966966967,0.621201853
5669,"phoA,pitA,hprK,carB,scpB,gatA,thiM,group",0.176136364,0.119318182,0,0.177489177,0.18852459,0,0.057056302,0.718524616,0.968468468,0.609477529
25415,"phoA,mntC,hprK,carB,birA,secF,murZ,group",0.119318182,0.176136364,0,0.177489177,0.18852459,0,0.057070263,0.718538576,0.966966967,0.609483039
29010,"phoA,mntC,hprK,murD,birA,secF,atpB_2,group",0.119318182,0.176136364,0,0.177489177,0.18852459,0,0.057223828,0.718692141,0.962462462,0.609527115
8998,"phoA,pitA,hprK,murD,dinG,thiI,tdk,group",0.119318182,0.176136364,0,0.177489177,0.18852459,0,0.057223828,0.718692141,0.960960961,0.609521606
24359,"phoA,mntC,clpB,trkA,plsY,thiI,thiM,group",0.119318182,0.176136364,0,0.177489177,0.18852459,0,0.057237788,0.718706101,0.968468468,0.609554663
32990,"pmi,mntC,hprK,pnpA,plsY,thiI,atpB_2,group",0.119318182,0.176136364,0,0.177489177,0.18852459,0,0.057251749,0.718720062,0.965465465,0.611741955
35870,"pmi,mntC,hprK,pycA,plsY,thiI,atpB_2,group",0.119318182,0.176136364,0,0.177489177,0.18852459,0,0.057251749,0.718720062,0.960960961,0.611725426
38030,"pmi,mntC,hprK,recG,plsY,thiI,atpB_2,group",0.119318182,0.176136364,0,0.177489177,0.18852459,0,0.057251749,0.718720062,0.960960961,0.611725426
38990,"pmi,mntC,hprK,trkA,aroA,thiI,atpB_2,group",0.119318182,0.176136364,0,0.177489177,0.18852459,0,0.057251749,0.718720062,0.966966967,0.611747464
5248,"pmi,pitA,hprK,carB,birA,scrB,tdk,group",0.119318182,0.176136364,0,0.177489177,0.18852459,0,0.057251749,0.718720062,0.956456456,0.611708897
46070,"phoA,cysS,hprK,carB,scpB,thiI,atpB_2,group",0.176136364,0.176136364,0,0.090909091,0.18852459,0,0.087168963,0.718875372,0.974474474,0.621477331
39500,"pmi,mntC,hprK,trkA,scpB,gatA,atpB_2,group",0.176136364,0.176136364,0,0.090909091,0.18852459,0,0.087615697,0.719322105,0.966966967,0.623785833
39230,"phoA,mntC,hprK,trkA,dinG,thiI,atpB_2,group",0.176136364,0.176136364,0,0.177489177,0.158469945,0,0.031452863,0.719684713,0.968468468,0.599213236
39239,"phoA,mntC,hprK,trkA,dinG,thiI,thiM,group",0.176136364,0.176136364,0,0.177489177,0.158469945,0,0.031452863,0.719684713,0.968468468,0.599213236
24280,"pmi,mntC,clpB,trkA,plsY,metK,atpB_2,group",0.060606061,0.176136364,0,0.177489177,0.18852459,0,0.117267663,0.720023855,0.957957958,0.63522917
25589,"phoA,mntC,hprK,carB,odhB,gatA,thiM,group",0.119318182,0.119318182,0,0.177489177,0.18852459,0,0.116820929,0.721471061,0.966966967,0.632959235
39260,"phoA,mntC,hprK,trkA,odhB,gatA,atpB_2,group",0.119318182,0.119318182,0,0.177489177,0.18852459,0,0.116974494,0.721624626,0.968468468,0.633025349
19108,"phoA,pitA,hprK,trkA,odhB,gatA,tdk,group",0.119318182,0.119318182,0,0.177489177,0.18852459,0,0.116974494,0.721624626,0.965465465,0.63301433
25888,"phoA,mntC,hprK,carB,scpB,scrB,tdk,group",0.176136364,0.119318182,0,0.177489177,0.18852459,0,0.062249585,0.723717898,0.975975976,0.61156014
18860,"pmi,pitA,hprK,trkA,birA,gatA,atpB_2,group",0.119318182,0.176136364,0,0.177489177,0.18852459,0,0.062305426,0.72377374,0.953453453,0.613692336
29150,"phoA,mntC,hprK,murD,dinG,thiI,atpB_2,group",0.119318182,0.176136364,0,0.177489177,0.18852459,0,0.062347308,0.723815621,0.966966967,0.611571159
29159,"phoA,mntC,hprK,murD,dinG,thiI,thiM,group",0.119318182,0.176136364,0,0.177489177,0.18852459,0,0.062347308,0.723815621,0.966966967,0.611571159
25406,"pmi,mntC,hprK,carB,birA,scrB,prfA,group",0.119318182,0.176136364,0,0.177489177,0.18852459,0,0.062361268,0.723829581,0.962462462,0.613747431
33230,"pmi,mntC,hprK,polC,aroA,thiI,atpB_2,group",0.119318182,0.176136364,0,0.177489177,0.18852459,0,0.062361268,0.723829581,0.963963964,0.613752941
33710,"pmi,mntC,hprK,polC,plsY,thiI,atpB_2,group",0.119318182,0.176136364,0,0.177489177,0.18852459,0,0.062361268,0.723829581,0.960960961,0.613741922
24329,"pmi,mntC,clpB,trkA,plsY,scrB,thiM,group",0.176136364,0.176136364,0,0.090909091,0.18852459,0,0.092767098,0.724473506,0.963963964,0.625807838
39508,"phoA,mntC,hprK,trkA,scpB,gatA,tdk,group",0.176136364,0.119318182,0,0.177489177,0.18852459,0,0.067345144,0.728813457,0.971471471,0.613560106
37430,"phoA,mnh_A1,hprK,ctaA,scpB,thiI,atpB_2,group",0.119318182,0.176136364,0,0.177489177,0.18852459,0,0.067359104,0.728827417,0.974474474,0.613582145
27350,"phoA,mntC,hprK,ctaA,scpB,thiI,atpB_2,group",0.119318182,0.176136364,0,0.177489177,0.18852459,0,0.067359104,0.728827417,0.974474474,0.613582145
18868,"pmi,pitA,hprK,trkA,birA,gatA,tdk,group",0.119318182,0.176136364,0,0.177489177,0.18852459,0,0.067414946,0.728883259,0.956456456,0.61571985
24328,"pmi,mntC,clpB,trkA,plsY,scrB,tdk,group",0.119318182,0.176136364,0,0.177489177,0.158469945,0,0.097792855,0.729206523,0.963963964,0.627433155
27320,"pmi,mntC,hprK,ctaA,scpB,scrB,atpB_2,group",0.176136364,0.176136364,0,0.090909091,0.18852459,0,0.097695132,0.72940154,0.965465465,0.627758219
39404,"phoA,mntC,hprK,trkA,plsY,metK,mqo1,group",0.176136364,0.060606061,0,0.177489177,0.18852459,0,0.126872443,0.729628635,0.968468468,0.636931621
9160,"pmi,cysS,hprK,trkA,plsY,metK,atpB_2,group",0.176136364,0.119318182,0,0.090909091,0.18852459,0,0.155351733,0.73023996,0.963963964,0.650341868
39160,"phoA,mntC,hprK,trkA,dinG,metK,atpB_2,group",0.176136364,0.119318182,0,0.177489177,0.18852459,0,0.071980009,0.733448322,0.963963964,0.615367239
39169,"phoA,mntC,hprK,trkA,dinG,metK,thiM,group",0.176136364,0.119318182,0,0.177489177,0.18852459,0,0.071980009,0.733448322,0.963963964,0.615367239
45889,"phoA,cysS,hprK,carB,plsY,metK,thiM,group",0.176136364,0.060606061,0,0.177489177,0.18852459,0,0.130767405,0.733523597,0.966966967,0.638468786
9350,"phoA,pitA,hprK,murD,scpB,thiI,atpB_2,group",0.119318182,0.176136364,0,0.177489177,0.18852459,0,0.072412782,0.733881095,0.968468468,0.615560073
25468,"pmi,mntC,hprK,carB,dinG,gatA,tdk,group",0.119318182,0.176136364,0,0.177489177,0.18852459,0,0.072496545,0.733964858,0.963963964,0.617752875
39020,"pmi,mntC,hprK,trkA,birA,gatA,atpB_2,group",0.119318182,0.176136364,0,0.177489177,0.18852459,0,0.072496545,0.733964858,0.959459459,0.617736346
32968,"pmi,mntC,hprK,pnpA,plsY,scrB,tdk,group",0.176136364,0.119318182,0,0.177489177,0.18852459,0,0.072566347,0.73403466,0.963963964,0.617780422
35848,"pmi,mntC,hprK,pycA,plsY,scrB,tdk,group",0.176136364,0.119318182,0,0.177489177,0.18852459,0,0.072566347,0.73403466,0.960960961,0.617769403
38008,"pmi,mntC,hprK,recG,plsY,scrB,tdk,group",0.176136364,0.119318182,0,0.177489177,0.18852459,0,0.072566347,0.73403466,0.960960961,0.617769403
38968,"pmi,mntC,hprK,trkA,aroA,scrB,tdk,group",0.176136364,0.119318182,0,0.177489177,0.18852459,0,0.072566347,0.73403466,0.96996997,0.617802461
5420,"pmi,pitA,hprK,carB,odhB,gatA,atpB_2,group",0.060606061,0.176136364,0,0.177489177,0.18852459,0,0.131632952,0.734389144,0.951951952,0.640876459
33644,"phoA,mntC,hprK,polC,plsY,metK,mqo1,group",0.176136364,0.060606061,0,0.177489177,0.18852459,0,0.131786517,0.734542709,0.968468468,0.638876492
25919,"phoA,mntC,hprK,carB,scpB,thiI,thiM,group",0.176136364,0.176136364,0,0.177489177,0.158469945,0,0.046851224,0.735083074,0.974474474,0.605328838
39590,"phoA,mntC,hprK,trkA,scpB,thiI,atpB_2,group",0.176136364,0.176136364,0,0.177489177,0.158469945,0,0.046907065,0.735138915,0.975975976,0.605356385
9168,"phoA,cysS,hprK,trkA,plsY,metK,tdk,group",0.176136364,0.060606061,0,0.177489177,0.18852459,0,0.135862964,0.738619156,0.968468468,0.640490791
5307,"phoA,pitA,hprK,carB,dinG,gatA,sua5,group",0.176136364,0.119318182,0,0.177489177,0.18852459,0,0.077312895,0.738781208,0.965465465,0.617482907
9358,"phoA,pitA,hprK,murD,scpB,thiI,tdk,group",0.119318182,0.176136364,0,0.177489177,0.18852459,0,0.077494381,0.738962694,0.968468468,0.617571059
33208,"pmi,mntC,hprK,polC,aroA,scrB,tdk,group",0.176136364,0.119318182,0,0.177489177,0.18852459,0,0.077633985,0.739102298,0.966966967,0.619791408
33688,"pmi,mntC,hprK,polC,plsY,scrB,tdk,group",0.176136364,0.119318182,0,0.177489177,0.18852459,0,0.077633985,0.739102298,0.960960961,0.61976937
26840,"pmi,mntC,hprK,ctaA,birA,scrB,atpB_2,group",0.119318182,0.176136364,0,0.177489177,0.18852459,0,0.077647946,0.739116259,0.957957958,0.619763861
5428,"pmi,pitA,hprK,carB,odhB,gatA,tdk,group",0.060606061,0.176136364,0,0.177489177,0.18852459,0,0.136547026,0.739303218,0.954954955,0.64282684
18930,"phoA,pitA,hprK,trkA,birA,secF,atpB_2,group",0.176136364,0.176136364,0,0.177489177,0.18852459,0,0.021024417,0.739310912,0.960960961,0.59536206
29320,"phoA,mnhD_1,hprK,trkA,plsY,metK,atpB_2,group",0.176136364,0.060606061,0,0.177489177,0.18852459,0,0.140386146,0.743142338,0.963963964,0.642264866
25467,"phoA,mntC,hprK,carB,dinG,gatA,sua5,group",0.176136364,0.119318182,0,0.177489177,0.18852459,0,0.082380534,0.743848847,0.968468468,0.619499402
29510,"phoA,mntC,hprK,murD,scpB,thiI,atpB_2,group",0.119318182,0.176136364,0,0.177489177,0.18852459,0,0.082562019,0.744030332,0.974474474,0.619598574
25580,"pmi,mntC,hprK,carB,odhB,gatA,atpB_2,group",0.060606061,0.176136364,0,0.177489177,0.18852459,0,0.141433178,0.74418937,0.960960961,0.644777221
49170,"phoA,mnh_A1,hprK,trkA,birA,secF,atpB_2,group",0.176136364,0.176136364,0,0.177489177,0.18852459,0,0.02624562,0.744532115,0.963963964,0.597439161
25538,"phoA,mntC,hprK,carB,dinG,secF,tdk,group",0.176136364,0.176136364,0,0.177489177,0.18852459,0,0.02624562,0.744532115,0.966966967,0.59745018
32610,"phoA,mntC,hprK,pnpA,birA,secF,atpB_2,group",0.176136364,0.176136364,0,0.177489177,0.18852459,0,0.02624562,0.744532115,0.966966967,0.59745018
35490,"phoA,mntC,hprK,pycA,birA,secF,atpB_2,group",0.176136364,0.176136364,0,0.177489177,0.18852459,0,0.02624562,0.744532115,0.962462462,0.597433651
37650,"phoA,mntC,hprK,recG,birA,secF,atpB_2,group",0.176136364,0.176136364,0,0.177489177,0.18852459,0,0.02624562,0.744532115,0.962462462,0.597433651
39096,"phoA,mntC,hprK,trkA,birA,secF,prfA,group",0.176136364,0.176136364,0,0.177489177,0.18852459,0,0.02624562,0.744532115,0.963963964,0.597439161
18938,"phoA,pitA,hprK,trkA,birA,secF,tdk,group",0.176136364,0.176136364,0,0.177489177,0.18852459,0,0.02624562,0.744532115,0.960960961,0.597428142
19070,"phoA,pitA,hprK,trkA,dinG,thiI,atpB_2,group",0.176136364,0.176136364,0,0.177489177,0.18852459,0,0.02624562,0.744532115,0.965465465,0.59744467
9230,"pmi,cysS,hprK,trkA,plsY,thiI,atpB_2,group",0.176136364,0.176136364,0,0.090909091,0.18852459,0,0.116723206,0.748429615,0.963963964,0.635262227
25849,"phoA,mntC,hprK,carB,scpB,metK,thiM,group",0.176136364,0.119318182,0,0.177489177,0.18852459,0,0.087043319,0.748511632,0.974474474,0.62136714
30049,"phoA,mntC,hprK,nusA,plsY,metK,thiM,group",0.176136364,0.119318182,0,0.177489177,0.18852459,0,0.087099161,0.748567474,0.962462462,0.621345102
39520,"phoA,mntC,hprK,trkA,scpB,metK,atpB_2,group",0.176136364,0.119318182,0,0.177489177,0.18852459,0,0.087099161,0.748567474,0.971471471,0.621378159
9269,"phoA,pitA,hprK,murD,scpB,gatA,thiM,group",0.176136364,0.119318182,0,0.177489177,0.18852459,0,0.087531934,0.749000248,0.963963964,0.621521407
33330,"phoA,mntC,hprK,polC,birA,secF,atpB_2,group",0.176136364,0.176136364,0,0.177489177,0.18852459,0,0.031438902,0.749725397,0.962462462,0.599488714
49310,"phoA,mnh_A1,hprK,trkA,dinG,thiI,atpB_2,group",0.176136364,0.176136364,0,0.177489177,0.18852459,0,0.031452863,0.749739358,0.968468468,0.599516261
32750,"phoA,mntC,hprK,pnpA,dinG,thiI,atpB_2,group",0.176136364,0.176136364,0,0.177489177,0.18852459,0,0.031452863,0.749739358,0.971471471,0.599527281
32759,"phoA,mntC,hprK,pnpA,dinG,thiI,thiM,group",0.176136364,0.176136364,0,0.177489177,0.18852459,0,0.031452863,0.749739358,0.971471471,0.599527281
35630,"phoA,mntC,hprK,pycA,dinG,thiI,atpB_2,group",0.176136364,0.176136364,0,0.177489177,0.18852459,0,0.031452863,0.749739358,0.966966967,0.599510752
35639,"phoA,mntC,hprK,pycA,dinG,thiI,thiM,group",0.176136364,0.176136364,0,0.177489177,0.18852459,0,0.031452863,0.749739358,0.966966967,0.599510752
37790,"phoA,mntC,hprK,recG,dinG,thiI,atpB_2,group",0.176136364,0.176136364,0,0.177489177,0.18852459,0,0.031452863,0.749739358,0.966966967,0.599510752
37799,"phoA,mntC,hprK,recG,dinG,thiI,thiM,group",0.176136364,0.176136364,0,0.177489177,0.18852459,0,0.031452863,0.749739358,0.966966967,0.599510752
39236,"phoA,mntC,hprK,trkA,dinG,thiI,prfA,group",0.176136364,0.176136364,0,0.177489177,0.18852459,0,0.031452863,0.749739358,0.968468468,0.599516261
19078,"phoA,pitA,hprK,trkA,dinG,thiI,tdk,group",0.176136364,0.176136364,0,0.177489177,0.18852459,0,0.031452863,0.749739358,0.965465465,0.599505242
25724,"pmi,mntC,hprK,carB,plsY,metK,mqo1,group",0.119318182,0.119318182,0,0.177489177,0.18852459,0,0.146472896,0.751123027,0.963963964,0.646782698
45590,"phoA,cysS,hprK,carB,birA,thiI,atpB_2,group",0.119318182,0.176136364,0,0.177489177,0.18852459,0,0.091580461,0.753048774,0.966966967,0.623141215
45959,"phoA,cysS,hprK,carB,plsY,thiI,thiM,group",0.176136364,0.119318182,0,0.177489177,0.18852459,0,0.091580461,0.753048774,0.966966967,0.623135706
25480,"pmi,mntC,hprK,carB,dinG,metK,atpB_2,group",0.119318182,0.176136364,0,0.177489177,0.18852459,0,0.09219472,0.753663033,0.960960961,0.625515832
25828,"pmi,mntC,hprK,carB,scpB,gatA,tdk,group",0.119318182,0.176136364,0,0.177489177,0.18852459,0,0.092599573,0.754067886,0.971471471,0.625714176
25909,"phoA,mntC,hprK,carB,scpB,tgt,thiM,group",0.176136364,0.176136364,0,0.177489177,0.18852459,0,0.03650654,0.754793035,0.974474474,0.601538267
39580,"phoA,mntC,hprK,trkA,scpB,tgt,atpB_2,group",0.176136364,0.176136364,0,0.177489177,0.18852459,0,0.036562382,0.754848877,0.971471471,0.601549286
33470,"phoA,mntC,hprK,polC,dinG,thiI,atpB_2,group",0.176136364,0.176136364,0,0.177489177,0.18852459,0,0.036632184,0.754918679,0.966966967,0.601560305
33479,"phoA,mntC,hprK,polC,dinG,thiI,thiM,group",0.176136364,0.176136364,0,0.177489177,0.18852459,0,0.036632184,0.754918679,0.966966967,0.601560305
25528,"pmi,mntC,hprK,carB,dinG,scrB,tdk,group",0.176136364,0.176136364,0,0.177489177,0.158469945,0,0.067470788,0.755702638,0.965465465,0.615637207
39080,"pmi,mntC,hprK,trkA,birA,scrB,atpB_2,group",0.176136364,0.176136364,0,0.177489177,0.158469945,0,0.067470788,0.755702638,0.960960961,0.615620678
29189,"phoA,mntC,hprK,murD,odhB,gatA,thiM,group",0.119318182,0.119318182,0,0.177489177,0.18852459,0,0.151163602,0.755813734,0.966966967,0.646551297
45560,"pmi,cysS,hprK,carB,birA,scrB,atpB_2,group",0.176136364,0.176136364,0,0.090909091,0.18852459,0,0.12642571,0.758132118,0.962462462,0.639085855
9238,"phoA,cysS,hprK,trkA,plsY,thiI,tdk,group",0.176136364,0.119318182,0,0.177489177,0.18852459,0,0.096787704,0.758256017,0.968468468,0.625201787
45830,"phoA,cysS,hprK,carB,odhB,thiI,atpB_2,group",0.119318182,0.176136364,0,0.177489177,0.18852459,0,0.096941268,0.758409582,0.966966967,0.625262392
25650,"phoA,mntC,hprK,carB,odhB,secF,atpB_2,group",0.119318182,0.176136364,0,0.177489177,0.18852459,0,0.096941268,0.758409582,0.966966967,0.625262392
39409,"pmi,mntC,hprK,trkA,plsY,metK,thiM,group",0.176136364,0.119318182,0,0.177489177,0.18852459,0,0.097220477,0.75868879,0.959459459,0.62749376
25405,"pmi,mntC,hprK,carB,birA,scrB,murZ,group",0.119318182,0.176136364,0,0.177489177,0.18852459,0,0.09762533,0.759093643,0.962462462,0.627664557
17848,"pmi,mntC,clpB,pnpA,plsY,scrB,tdk,group",0.119318182,0.176136364,0,0.177489177,0.18852459,0,0.097792855,0.759261168,0.963963964,0.627736181
20728,"pmi,mntC,clpB,pycA,plsY,scrB,tdk,group",0.119318182,0.176136364,0,0.177489177,0.18852459,0,0.097792855,0.759261168,0.960960961,0.627725162
22888,"pmi,mntC,clpB,recG,plsY,scrB,tdk,group",0.119318182,0.176136364,0,0.177489177,0.18852459,0,0.097792855,0.759261168,0.960960961,0.627725162
23848,"pmi,mntC,clpB,trkA,aroA,scrB,tdk,group",0.119318182,0.176136364,0,0.177489177,0.18852459,0,0.097792855,0.759261168,0.963963964,0.627736181
29669,"phoA,mntC,hprK,nusA,birA,gatA,thiM,group",0.176136364,0.176136364,0,0.177489177,0.18852459,0,0.041741704,0.760028199,0.962462462,0.603565781
19430,"phoA,pitA,hprK,trkA,scpB,thiI,atpB_2,group",0.176136364,0.176136364,0,0.177489177,0.18852459,0,0.041741704,0.760028199,0.972972973,0.603604348
26859,"phoA,mntC,hprK,ctaA,birA,secF,thiM,group",0.176136364,0.176136364,0,0.177489177,0.18852459,0,0.041811506,0.760098001,0.962462462,0.603593329
28910,"phoA,mnhD_1,hprK,trkA,aroA,thiI,atpB_2,group",0.176136364,0.119318182,0,0.177489177,0.18852459,0,0.101422568,0.762890882,0.971471471,0.627047487
29390,"phoA,mnhD_1,hprK,trkA,plsY,thiI,atpB_2,group",0.176136364,0.119318182,0,0.177489177,0.18852459,0,0.101422568,0.762890882,0.968468468,0.627036468
45800,"pmi,cysS,hprK,carB,odhB,scrB,atpB_2,group",0.176136364,0.176136364,0,0.090909091,0.18852459,0,0.131688794,0.763395202,0.962462462,0.641162956
25767,"pmi,mntC,hprK,carB,plsY,scrB,sua5,group",0.176136364,0.119318182,0,0.177489177,0.18852459,0,0.102553364,0.764021677,0.965465465,0.629620447
15640,"pmi,mnhD_1,hprK,carB,plsY,metK,atpB_2,group",0.119318182,0.119318182,0,0.177489177,0.18852459,0,0.159819073,0.764469204,0.960960961,0.652038809
45888,"pmi,cysS,hprK,carB,plsY,metK,tdk,group",0.119318182,0.119318182,0,0.177489177,0.18852459,0,0.160014519,0.76466465,0.963963964,0.652126962
25898,"phoA,mntC,hprK,carB,scpB,secF,tdk,group",0.176136364,0.176136364,0,0.177489177,0.18852459,0,0.046851224,0.765137719,0.974474474,0.605631863
49670,"phoA,mnh_A1,hprK,trkA,scpB,thiI,atpB_2,group",0.176136364,0.176136364,0,0.177489177,0.18852459,0,0.046907065,0.76519356,0.975975976,0.605659411
30119,"phoA,mntC,hprK,nusA,plsY,thiI,thiM,group",0.176136364,0.176136364,0,0.177489177,0.18852459,0,0.046907065,0.76519356,0.966966967,0.605626353
39596,"phoA,mntC,hprK,trkA,scpB,thiI,prfA,group",0.176136364,0.176136364,0,0.177489177,0.18852459,0,0.046907065,0.76519356,0.975975976,0.605659411
19438,"phoA,pitA,hprK,trkA,scpB,thiI,tdk,group",0.176136364,0.176136364,0,0.177489177,0.18852459,0,0.046907065,0.76519356,0.972972973,0.605648391
39220,"pmi,mntC,hprK,trkA,dinG,tgt,atpB_2,group",0.176136364,0.176136364,0,0.177489177,0.18852459,0,0.046962907,0.765249402,0.959459459,0.607824664
23150,"phoA,mnhD_1,hprK,polC,aroA,thiI,atpB_2,group",0.176136364,0.119318182,0,0.177489177,0.18852459,0,0.106406444,0.767874757,0.96996997,0.629014396
25640,"pmi,mntC,hprK,carB,odhB,scrB,atpB_2,group",0.119318182,0.176136364,0,0.177489177,0.158469945,0,0.136602867,0.768016536,0.962462462,0.642744197
8907,"phoA,pitA,hprK,murD,dinG,gatA,sua5,group",0.176136364,0.119318182,0,0.177489177,0.18852459,0,0.107453477,0.76892179,0.960960961,0.629394555
33110,"phoA,mntC,hprK,pnpA,scpB,thiI,atpB_2,group",0.176136364,0.176136364,0,0.177489177,0.18852459,0,0.052002625,0.770289119,0.978978979,0.607686925
35990,"phoA,mntC,hprK,pycA,scpB,thiI,atpB_2,group",0.176136364,0.176136364,0,0.177489177,0.18852459,0,0.052002625,0.770289119,0.974474474,0.607670397
38150,"phoA,mntC,hprK,recG,scpB,thiI,atpB_2,group",0.176136364,0.176136364,0,0.177489177,0.18852459,0,0.052002625,0.770289119,0.974474474,0.607670397
9740,"phoA,pitA,hprK,nusA,odhB,gatA,atpB_2,group",0.119318182,0.176136364,0,0.177489177,0.18852459,0,0.111851014,0.773319327,0.966966967,0.631163121
25649,"phoA,mntC,hprK,carB,odhB,scrB,thiM,group",0.176136364,0.119318182,0,0.177489177,0.18852459,0,0.111920816,0.77338913,0.968468468,0.631190669
37880,"phoA,mntC,hprK,recG,odhB,scrB,atpB_2,group",0.176136364,0.119318182,0,0.177489177,0.18852459,0,0.111920816,0.77338913,0.968468468,0.631190669
25840,"pmi,mntC,hprK,carB,scpB,metK,atpB_2,group",0.119318182,0.176136364,0,0.177489177,0.18852459,0,0.112074381,0.773542694,0.968468468,0.63338898
39320,"phoA,mntC,hprK,trkA,odhB,scrB,atpB_2,group",0.176136364,0.119318182,0,0.177489177,0.18852459,0,0.112074381,0.773542694,0.96996997,0.631256784
30040,"pmi,mntC,hprK,nusA,plsY,metK,atpB_2,group",0.119318182,0.176136364,0,0.177489177,0.18852459,0,0.112130223,0.773598536,0.959459459,0.633377961
39474,"pmi,mntC,hprK,trkA,plsY,thiI,mqo1,group",0.176136364,0.119318182,0,0.177489177,0.18852459,0,0.112604878,0.774073191,0.965465465,0.633587324
33830,"phoA,mntC,hprK,polC,scpB,thiI,atpB_2,group",0.176136364,0.176136364,0,0.177489177,0.18852459,0,0.057126105,0.7754126,0.974474474,0.609697911
29720,"phoA,mntC,hprK,nusA,birA,scrB,atpB_2,group",0.176136364,0.176136364,0,0.177489177,0.18852459,0,0.057181946,0.775468441,0.963963964,0.609681383
29019,"phoA,mntC,hprK,murD,birA,secF,thiM,group",0.176136364,0.176136364,0,0.177489177,0.18852459,0,0.057223828,0.775510323,0.962462462,0.609692402
39458,"pmi,mntC,hprK,trkA,plsY,secF,tdk,group",0.176136364,0.176136364,0,0.177489177,0.18852459,0,0.057251749,0.775538243,0.962462462,0.611896222
39479,"pmi,mntC,hprK,trkA,plsY,thiI,thiM,group",0.176136364,0.176136364,0,0.177489177,0.18852459,0,0.057251749,0.775538243,0.963963964,0.611901732
18920,"pmi,pitA,hprK,trkA,birA,scrB,atpB_2,group",0.176136364,0.176136364,0,0.177489177,0.18852459,0,0.057251749,0.775538243,0.954954955,0.611868674
25888,"pmi,mntC,hprK,carB,scpB,scrB,tdk,group",0.176136364,0.176136364,0,0.177489177,0.158469945,0,0.087629658,0.775861508,0.972972973,0.623620546
29900,"phoA,mntC,hprK,nusA,odhB,gatA,atpB_2,group",0.119318182,0.176136364,0,0.177489177,0.18852459,0,0.116820929,0.778289243,0.966966967,0.633130031
9748,"phoA,pitA,hprK,nusA,odhB,gatA,tdk,group",0.119318182,0.176136364,0,0.177489177,0.18852459,0,0.116820929,0.778289243,0.966966967,0.633130031
39269,"phoA,mntC,hprK,trkA,odhB,gatA,thiM,group",0.176136364,0.119318182,0,0.177489177,0.18852459,0,0.116974494,0.778442807,0.968468468,0.633190636
24289,"pmi,mntC,clpB,trkA,plsY,metK,thiM,group",0.119318182,0.176136364,0,0.177489177,0.18852459,0,0.117267663,0.778735977,0.957957958,0.635399966
24324,"pmi,mntC,clpB,trkA,plsY,scrB,mqo1,group",0.176136364,0.176136364,0,0.090909091,0.18852459,0,0.147045274,0.778751682,0.96996997,0.64725101
29067,"phoA,mntC,hprK,murD,dinG,gatA,sua5,group",0.176136364,0.119318182,0,0.177489177,0.18852459,0,0.117407268,0.778875581,0.963963964,0.633344903
33714,"pmi,mntC,hprK,polC,plsY,thiI,mqo1,group",0.176136364,0.119318182,0,0.177489177,0.18852459,0,0.117560833,0.779029146,0.963963964,0.635537705
39095,"phoA,mntC,hprK,trkA,birA,secF,murZ,group",0.176136364,0.176136364,0,0.177489177,0.18852459,0,0.062193743,0.780480238,0.963963964,0.611664821
25409,"pmi,mntC,hprK,carB,birA,scrB,thiM,group",0.176136364,0.176136364,0,0.177489177,0.18852459,0,0.062361268,0.780647763,0.962462462,0.613912718
18928,"pmi,pitA,hprK,trkA,birA,scrB,tdk,group",0.176136364,0.176136364,0,0.177489177,0.18852459,0,0.062375229,0.780661724,0.957957958,0.613901699
15230,"pmi,mnhD_1,hprK,carB,aroA,thiI,atpB_2,group",0.119318182,0.176136364,0,0.177489177,0.18852459,0,0.121302229,0.782770543,0.963963964,0.637014264
15710,"pmi,mnhD_1,hprK,carB,plsY,thiI,atpB_2,group",0.119318182,0.176136364,0,0.177489177,0.18852459,0,0.121302229,0.782770543,0.960960961,0.637003245
45958,"pmi,cysS,hprK,carB,plsY,thiI,tdk,group",0.119318182,0.176136364,0,0.177489177,0.18852459,0,0.121497676,0.782965989,0.963963964,0.637091398
24323,"pmi,mntC,clpB,trkA,plsY,scrB,drm,group",0.176136364,0.176136364,0,0.090909091,0.18852459,0,0.151861624,0.783568033,0.96996997,0.649151805
33335,"phoA,mntC,hprK,polC,birA,secF,murZ,group",0.176136364,0.176136364,0,0.177489177,0.18852459,0,0.067289302,0.785575797,0.962462462,0.613675807
27359,"phoA,mntC,hprK,ctaA,scpB,thiI,thiM,group",0.176136364,0.176136364,0,0.177489177,0.18852459,0,0.067359104,0.785645599,0.974474474,0.613747431
32600,"pmi,mntC,hprK,pnpA,birA,scrB,atpB_2,group",0.176136364,0.176136364,0,0.177489177,0.18852459,0,0.067470788,0.785757283,0.960960961,0.615923704
35480,"pmi,mntC,hprK,pycA,birA,scrB,atpB_2,group",0.176136364,0.176136364,0,0.177489177,0.18852459,0,0.067470788,0.785757283,0.957957958,0.615912685
36320,"pmi,mntC,hprK,qoxA,dinG,scrB,atpB_2,group",0.176136364,0.176136364,0,0.177489177,0.18852459,0,0.067470788,0.785757283,0.957957958,0.615912685
37640,"pmi,mntC,hprK,recG,birA,scrB,atpB_2,group",0.176136364,0.176136364,0,0.177489177,0.18852459,0,0.067470788,0.785757283,0.957957958,0.615912685
39086,"pmi,mntC,hprK,trkA,birA,scrB,prfA,group",0.176136364,0.176136364,0,0.177489177,0.18852459,0,0.067470788,0.785757283,0.960960961,0.615923704
44488,"pmi,cysS,clpB,trkA,plsY,scrB,tdk,group",0.176136364,0.176136364,0,0.090909091,0.18852459,0,0.155924111,0.787630519,0.968468468,0.650749574
5480,"pmi,pitA,hprK,carB,odhB,scrB,atpB_2,group",0.119318182,0.176136364,0,0.177489177,0.18852459,0,0.12677472,0.788243034,0.953453453,0.639135441
24344,"pmi,mntC,clpB,trkA,plsY,tgt,mqo1,group",0.119318182,0.176136364,0,0.177489177,0.18852459,0,0.127430861,0.788899174,0.968468468,0.639449486
33320,"pmi,mntC,hprK,polC,birA,scrB,atpB_2,group",0.176136364,0.176136364,0,0.177489177,0.18852459,0,0.072552387,0.790838881,0.957957958,0.617918161
5488,"pmi,pitA,hprK,carB,odhB,scrB,tdk,group",0.119318182,0.176136364,0,0.177489177,0.18852459,0,0.131702754,0.793171068,0.956456456,0.641091332
19100,"pmi,pitA,hprK,trkA,odhB,gatA,atpB_2,group",0.119318182,0.176136364,0,0.177489177,0.18852459,0,0.131786517,0.79325483,0.957957958,0.641129899
39148,"pmi,mntC,hprK,trkA,dinG,gatA,tdk,group",0.176136364,0.176136364,0,0.177489177,0.18852459,0,0.077578144,0.795864638,0.962462462,0.619918128
15208,"pmi,mnhD_1,hprK,carB,aroA,scrB,tdk,group",0.176136364,0.119318182,0,0.177489177,0.18852459,0,0.136072371,0.797540684,0.968468468,0.642859898
15688,"pmi,mnhD_1,hprK,carB,plsY,scrB,tdk,group",0.176136364,0.119318182,0,0.177489177,0.18852459,0,0.136072371,0.797540684,0.965465465,0.642848879
26000,"pmi,mnhD_1,hprK,qoxA,aroA,scrB,atpB_2,group",0.176136364,0.119318182,0,0.177489177,0.18852459,0,0.136072371,0.797540684,0.963963964,0.642843369
25646,"pmi,mntC,hprK,carB,odhB,scrB,prfA,group",0.119318182,0.176136364,0,0.177489177,0.18852459,0,0.136602867,0.798071181,0.962462462,0.643047222
19108,"pmi,pitA,hprK,trkA,odhB,gatA,tdk,group",0.119318182,0.176136364,0,0.177489177,0.18852459,0,0.136700591,0.798168904,0.960960961,0.64308028
29519,"phoA,mntC,hprK,murD,scpB,thiI,thiM,group",0.176136364,0.176136364,0,0.177489177,0.18852459,0,0.082562019,0.800848514,0.974474474,0.619763861
26968,"pmi,mntC,hprK,ctaA,dinG,scrB,tdk,group",0.176136364,0.176136364,0,0.177489177,0.18852459,0,0.082715584,0.801002079,0.960960961,0.621940133
39260,"pmi,mntC,hprK,trkA,odhB,gatA,atpB_2,group",0.119318182,0.176136364,0,0.177489177,0.18852459,0,0.141586743,0.803055056,0.963963964,0.645019642
45719,"phoA,cysS,hprK,carB,dinG,thiI,thiM,group",0.176136364,0.176136364,0,0.177489177,0.18852459,0,0.086540744,0.804827238,0.966966967,0.621312044
36680,"pmi,mntC,hprK,qoxA,scpB,scrB,atpB_2,group",0.176136364,0.176136364,0,0.177489177,0.18852459,0,0.087629658,0.805916152,0.965465465,0.623896024
30088,"pmi,mntC,hprK,nusA,plsY,scrB,tdk,group",0.176136364,0.176136364,0,0.177489177,0.18852459,0,0.087685499,0.805971994,0.963963964,0.623912552
15330,"phoA,mnhD_1,hprK,carB,birA,secF,atpB_2,group",0.176136364,0.176136364,0,0.177489177,0.18852459,0,0.091385015,0.80967151,0.966966967,0.623229368
45578,"phoA,cysS,hprK,carB,birA,secF,tdk,group",0.176136364,0.176136364,0,0.177489177,0.18852459,0,0.091580461,0.809866956,0.966966967,0.623306502
45718,"phoA,cysS,hprK,carB,dinG,thiI,tdk,group",0.176136364,0.176136364,0,0.177489177,0.18852459,0,0.091580461,0.809866956,0.966966967,0.623306502
8870,"phoA,cysS,hprK,trkA,birA,thiI,atpB_2,group",0.176136364,0.176136364,0,0.177489177,0.18852459,0,0.091761947,0.810048442,0.968468468,0.623383636
46078,"phoA,cysS,hprK,carB,scpB,thiI,tdk,group",0.176136364,0.176136364,0,0.177489177,0.18852459,0,0.092208681,0.810495176,0.974474474,0.623581979
39508,"pmi,mntC,hprK,trkA,scpB,gatA,tdk,group",0.176136364,0.176136364,0,0.177489177,0.18852459,0,0.092655415,0.810941909,0.96996997,0.625895991
27080,"pmi,mntC,hprK,ctaA,odhB,scrB,atpB_2,group",0.119318182,0.176136364,0,0.177489177,0.18852459,0,0.151261325,0.812729639,0.962462462,0.648832251
39404,"pmi,mntC,hprK,trkA,plsY,metK,mqo1,group",0.176136364,0.119318182,0,0.177489177,0.18852459,0,0.151345088,0.812813401,0.965465465,0.648876327
15470,"phoA,mnhD_1,hprK,carB,dinG,thiI,atpB_2,group",0.176136364,0.176136364,0,0.177489177,0.18852459,0,0.096410772,0.814697267,0.966966967,0.625218316
25659,"phoA,mntC,hprK,carB,odhB,secF,thiM,group",0.176136364,0.176136364,0,0.177489177,0.18852459,0,0.096941268,0.815227763,0.966966967,0.625427679
9110,"phoA,cysS,hprK,trkA,odhB,thiI,atpB_2,group",0.176136364,0.176136364,0,0.177489177,0.18852459,0,0.097094833,0.815381328,0.968468468,0.625493793
39330,"phoA,mntC,hprK,trkA,odhB,secF,atpB_2,group",0.176136364,0.176136364,0,0.177489177,0.18852459,0,0.097094833,0.815381328,0.968468468,0.625493793
39160,"pmi,mntC,hprK,trkA,dinG,metK,atpB_2,group",0.176136364,0.176136364,0,0.177489177,0.18852459,0,0.097220477,0.815506972,0.959459459,0.627659047
5307,"pmi,pitA,hprK,carB,dinG,gatA,sua5,group",0.176136364,0.176136364,0,0.177489177,0.18852459,0,0.097485725,0.81577222,0.957957958,0.627758219
33644,"pmi,mntC,hprK,polC,plsY,metK,mqo1,group",0.176136364,0.119318182,0,0.177489177,0.18852459,0,0.156189359,0.817657672,0.963963964,0.650782632
39085,"pmi,mntC,hprK,trkA,birA,scrB,murZ,group",0.176136364,0.176136364,0,0.177489177,0.18852459,0,0.102637126,0.820923621,0.960960961,0.629802262
27328,"pmi,mntC,hprK,ctaA,scpB,scrB,tdk,group",0.176136364,0.176136364,0,0.177489177,0.18852459,0,0.102706929,0.820993423,0.968468468,0.629857358
9168,"pmi,cysS,hprK,trkA,plsY,metK,tdk,group",0.176136364,0.119318182,0,0.177489177,0.18852459,0,0.160196005,0.821664318,0.966966967,0.652374892
39320,"pmi,mntC,hprK,trkA,odhB,scrB,atpB_2,group",0.176136364,0.176136364,0,0.177489177,0.158469945,0,0.136756432,0.824988282,0.965465465,0.642981108
25467,"pmi,mntC,hprK,carB,dinG,gatA,sua5,group",0.176136364,0.176136364,0,0.177489177,0.18852459,0,0.107481398,0.825767893,0.963963964,0.631725095
33325,"pmi,mntC,hprK,polC,birA,scrB,murZ,group",0.176136364,0.176136364,0,0.177489177,0.18852459,0,0.107621002,0.825907497,0.957957958,0.631758153
29320,"pmi,mnhD_1,hprK,trkA,plsY,metK,atpB_2,group",0.176136364,0.119318182,0,0.177489177,0.18852459,0,0.164649384,0.826117697,0.959459459,0.654104891
39520,"pmi,mntC,hprK,trkA,scpB,metK,atpB_2,group",0.176136364,0.176136364,0,0.177489177,0.18852459,0,0.112130223,0.830416718,0.966966967,0.633570795
25645,"pmi,mntC,hprK,carB,odhB,scrB,murZ,group",0.119318182,0.176136364,0,0.177489177,0.18852459,0,0.170401083,0.831869396,0.962462462,0.656385845
24284,"pmi,mntC,clpB,trkA,plsY,metK,mqo1,group",0.119318182,0.176136364,0,0.177489177,0.18852459,0,0.170778015,0.832246328,0.968468468,0.656556641
15830,"phoA,mnhD_1,hprK,carB,scpB,thiI,atpB_2,group",0.176136364,0.176136364,0,0.177489177,0.18852459,0,0.116234591,0.834521086,0.974474474,0.633091464
29909,"phoA,mntC,hprK,nusA,odhB,gatA,thiM,group",0.176136364,0.176136364,0,0.177489177,0.18852459,0,0.116820929,0.835107424,0.966966967,0.633295317
24283,"pmi,mntC,clpB,trkA,plsY,metK,drm,group",0.119318182,0.176136364,0,0.177489177,0.18852459,0,0.175524563,0.836992876,0.968468468,0.658429888
9238,"pmi,cysS,hprK,trkA,plsY,thiI,tdk,group",0.176136364,0.176136364,0,0.177489177,0.18852459,0,0.121679161,0.839965656,0.966966967,0.637339328
44448,"pmi,cysS,clpB,trkA,plsY,metK,tdk,group",0.119318182,0.176136364,0,0.177489177,0.18852459,0,0.179517248,0.840985561,0.962462462,0.659983582
28910,"pmi,mnhD_1,hprK,trkA,aroA,thiI,atpB_2,group",0.176136364,0.176136364,0,0.177489177,0.18852459,0,0.126244224,0.844530719,0.966966967,0.639140951
29390,"pmi,mnhD_1,hprK,trkA,plsY,thiI,atpB_2,group",0.176136364,0.176136364,0,0.177489177,0.18852459,0,0.126244224,0.844530719,0.963963964,0.639129932
19160,"pmi,pitA,hprK,trkA,odhB,scrB,atpB_2,group",0.176136364,0.176136364,0,0.177489177,0.18852459,0,0.126928285,0.84521478,0.959459459,0.639383371
15320,"pmi,mnhD_1,hprK,carB,birA,scrB,atpB_2,group",0.176136364,0.176136364,0,0.177489177,0.18852459,0,0.131158297,0.849444792,0.962462462,0.641063784
23150,"pmi,mnhD_1,hprK,polC,aroA,thiI,atpB_2,group",0.176136364,0.176136364,0,0.177489177,0.18852459,0,0.131158297,0.849444792,0.963963964,0.641069294
45568,"pmi,cysS,hprK,carB,birA,scrB,tdk,group",0.176136364,0.176136364,0,0.177489177,0.18852459,0,0.131353743,0.849640238,0.965465465,0.641151937
29960,"phoA,mntC,hprK,nusA,odhB,scrB,atpB_2,group",0.176136364,0.176136364,0,0.177489177,0.18852459,0,0.131632952,0.849919447,0.968468468,0.639162989
19168,"pmi,pitA,hprK,trkA,odhB,scrB,tdk,group",0.176136364,0.176136364,0,0.177489177,0.18852459,0,0.131856319,0.850142814,0.962462462,0.641339262
24327,"pmi,mntC,clpB,trkA,plsY,scrB,sua5,group",0.176136364,0.176136364,0,0.177489177,0.18852459,0,0.132289093,0.850575588,0.965465465,0.641521077
25649,"pmi,mntC,hprK,carB,odhB,scrB,thiM,group",0.176136364,0.176136364,0,0.177489177,0.18852459,0,0.136602867,0.854889362,0.962462462,0.643212509
37880,"pmi,mntC,hprK,recG,odhB,scrB,atpB_2,group",0.176136364,0.176136364,0,0.177489177,0.18852459,0,0.136602867,0.854889362,0.962462462,0.643212509
45808,"pmi,cysS,hprK,carB,odhB,scrB,tdk,group",0.176136364,0.176136364,0,0.177489177,0.18852459,0,0.136602867,0.854889362,0.965465465,0.643223528
39326,"pmi,mntC,hprK,trkA,odhB,scrB,prfA,group",0.176136364,0.176136364,0,0.177489177,0.18852459,0,0.136756432,0.855042927,0.965465465,0.643284133
32840,"pmi,mntC,hprK,pnpA,odhB,scrB,atpB_2,group",0.176136364,0.176136364,0,0.177489177,0.18852459,0,0.141502981,0.859789475,0.965465465,0.64515738
35720,"pmi,mntC,hprK,pycA,odhB,scrB,atpB_2,group",0.176136364,0.176136364,0,0.177489177,0.18852459,0,0.141502981,0.859789475,0.962462462,0.645146361
33560,"pmi,mntC,hprK,polC,odhB,scrB,atpB_2,group",0.176136364,0.176136364,0,0.177489177,0.18852459,0,0.146375173,0.864661668,0.962462462,0.647069194
13768,"pmi,mnhD_1,clpB,trkA,aroA,scrB,tdk,group",0.176136364,0.176136364,0,0.177489177,0.18852459,0,0.165221762,0.883508256,0.963963964,0.654512598
14248,"pmi,mnhD_1,clpB,trkA,plsY,scrB,tdk,group",0.176136364,0.176136364,0,0.177489177,0.18852459,0,0.165221762,0.883508256,0.963963964,0.654512598
39325,"pmi,mntC,hprK,trkA,odhB,scrB,murZ,group",0.176136364,0.176136364,0,0.177489177,0.18852459,0,0.170554648,0.888841143,0.965465465,0.656622756
33565,"pmi,mntC,hprK,polC,odhB,scrB,murZ,group",0.176136364,0.176136364,0,0.177489177,0.18852459,0,0.179977943,0.898264437,0.962462462,0.660330683
